name,street,city,stars,price_medium,location_id,longitude,latitude
Q HOTEL,VIALE TRIPOLI 262,Rimini,3,,5969,12.584415,44.062948
A.B.C.,VIALE CATANIA 10,Rimini,3,,5969,12.611589,44.038230
FABER,VIALE LECCE 6,Rimini,3,,5969,12.610716,44.039151
ADRIATIC HOTEL & BEAUTY,VIALE PRINCIPE DI PIEMONTE 43,Riccione,3,,5955,12.623660,44.029653
ARNO,VIALE GIACINTO MARTINELLI 9,Riccione,3,,5955,12.620807,44.030643
REYT,VIALE PORTOFINO 18,Rimini,3,,5969,12.604883,44.043092
PENNY,VIALE BARI 9,Riccione,3,,5955,12.622487,44.029182
ALBATROS,VIALE PORTO PALOS 170,Rimini,3,,5969,12.519207,44.101642
CANADA,VIALE REGINA ELENA 53,Rimini,3,,5969,12.588412,44.059504
JANA,VIALE GIUSEPPE GIUSTI 13,Rimini,3,,5969,12.587031,44.061055
ACAPULCO,VIALE TOLMETTA 1,Bellaria-Igea Marina,3,,619,12.510985,44.108159
LA BELLA VITA (EX PROTTI),VIALE BARI 25,Riccione,1,,5955,12.621323,44.028437
ARAMIS,VIALE PADOVA 12,Riccione,3,,5955,12.621507,44.029784
MARIA GABRIELLA,VIALE IMPERIA 21,Rimini,1,,5969,12.597257,44.051021
CLUB MEETING HOTEL (EX DAYS INN SOUTH BEACH),VIALE REGINA ELENA 171,Rimini,4,,5969,12.596532,44.052467
VILLA MIRNA,VIALE CORMONS 40,Rimini,2,,5969,12.578492,44.065985
BIAGINI,VIALE PORTO PALOS 85,Rimini,3,,5969,12.521896,44.099978
LA TORRE,VIALE GIULIANO DATI 52,Rimini,3,,5969,12.540701,44.086406
BELVEDERE MARE,VIALE REGINA ELENA 50,Rimini,3,,5969,12.591647,44.057870
CHIARA,VIALE GIOVANNI ZAMBIANCHI 54,Rimini,1,,5969,12.519058,44.100224
SIMON,VIALE GIUBA 4,Bellaria-Igea Marina,2,,619,12.512167,44.106875
DEMOLIZIONE E RICOSTRUZIONE DI EDIFICIO TURISTICO/ALBERGHIERO,V.LE VESPUCCI AMERIGO 36,Rimini,3,,5969,12.582507,44.066511
MAMY,VIALE RIMEMBRANZE 77,Rimini,2,,5969,12.599090,44.046407
CARD INTERNATIONAL,VIA DANTE ALIGHIERI 50,Rimini,4,,5969,12.572259,44.062013
EDY,VIALE TENDA 4,Rimini,2,,5969,12.596189,44.051420
BRUNELLA,VIALE EDMONDO DE AMICIS 6,Rimini,2,,5969,12.540272,44.085319
ARON,VIALE VINCENZO CANUTI 7,Rimini,3,,5969,12.529376,44.092777
IDEAL,VIALE SAN SALVADOR 158,Bellaria-Igea Marina,3,,619,12.508495,44.110309
OBLIO,VIALE SIRACUSA 18,Rimini,2,,5969,12.605757,44.043003
PALOS,VIALE PORTO PALOS 154,Rimini,3,,5969,12.520689,44.100487
PARA,VIALE SAN SALVADOR 39,Rimini,3,,5969,12.514542,44.105710
RICCARDI,VIALE SAN SALVADOR 100,Bellaria-Igea Marina,2,,619,12.512924,44.106746
KARIN,VIALE ENNA 19,Rimini,3,,5969,12.605250,44.042266
BELLARIVA,VIALE SANTA TERESA 10,Rimini,3,,5969,12.602381,44.045769
TRAFALGAR,VIALE MESSINA 21,Rimini,3,,5969,12.610877,44.036693
GIORDANO,VIALE SAN SALVADOR 13,Rimini,3,,5969,12.517615,44.103251
VILLA ZUARA,VIALE ADRIA 24,Riccione,2,,5955,12.620969,44.028694
VILLA DEL TIGLIO,VIALE GEBEL 6,Rimini,3,,5969,12.515979,44.103382
NADIA,VIALE PALOTTA 7,Rimini,2,,5969,12.543268,44.083982
VILLA GIOIOSA,VIALE ADRIA 2,Riccione,2,,5955,12.622799,44.029953
LAMOROSA,VIALE GIULIANO DATI 8,Rimini,3,,5969,12.543222,44.084656
ORCHIDEA BLU,VIALE SAN SALVADOR 16,Rimini,3,,5969,12.517787,44.102733
COLOR HOTEL RIMINI (EX TREVI),VIALE LECCE 5,Rimini,3,,5969,12.610675,44.039393
BE HOTEL,VIALE BARI 27,Riccione,3,,5955,12.621164,44.028352
TIFFANY,VIALE EMILIO PRAGA 4,Rimini,3,,5969,12.587094,44.056788
PARADISO,VIALE VIAREGGIO 22,Rimini,2,,5969,12.613051,44.034696
VEVEY,VIALE PIERINO MARCHETTI 9,Rimini,2,,5969,12.524071,44.097150
TIZIANA,VIALE GUGLIELMO MARCONI 18,Riccione,3,,5955,12.616720,44.033438
CORALLO NORD,VIALE PIACENZA 6,Rimini,2,,5969,12.533761,44.089952
CONSUL,VIALE BENEDETTO NERI 1,Rimini,3,,5969,12.596838,44.052291
ABAMAR,VIALE GIAN BATTISTA MARINO 10,Rimini,3,,5969,12.587518,44.059387
PARCO DEI PRINCIPI,VIALE REGINA ELENA 98,Rimini,4,,5969,12.598085,44.051678
ILDE,VIALE CORDEVOLE 3,Rimini,3,,5969,12.553011,44.077585
CLARA,VIALE DON GIOVANNI MINZONI 2,Rimini,2,,5969,12.539018,44.087181
VILLA LAGUNA BLU,VIALE SAN SALVADOR 4,Rimini,2,,5969,12.518791,44.102088
FANTASY,VIALE GIOVANNI BOCCACCIO 2,Rimini,3,,5969,12.591540,44.057367
ANGELUS,VIALE GIOSUE' CARDUCCI 5,Rimini,3,,5969,12.586145,44.061714
SISSI,VIALE CATANIA 8,Rimini,2,,5969,12.611832,44.038324
HEAVEN,VIALE SAN SALVADOR 18,Rimini,3,,5969,12.517634,44.102904
ELBA,VIALE BRINDISI 21,Rimini,3,,5969,12.608973,44.039130
DU LAC,VIA LAGO TANA 12,Rimini,3,,5969,12.516890,44.102000
FABIUS,VIALE VIAREGGIO 2 B,Riccione,3,,5955,12.614750,44.035853
BLUE SKY,VIALE VIAREGGIO 14,Riccione,1,,5955,12.613330,44.034946
CASABLANCA,VIALE BIELLA 9,Riccione,3,,5955,12.615053,44.035516
CORINNA,VIALE ORTIGARA 66,Rimini,3,,5969,12.566998,44.074530
HOTEL NOIDUE (EX ZONZINI),VIALE MANTOVA 26,Riccione,2,,5955,12.613742,44.035631
HOTEL RIVA (EX NEVADA),VIALE SARSINA 23,Riccione,2,,5955,12.614410,44.034565
MAREBELLO,VIALE MAREBELLO 4,Rimini,3,,5969,12.607494,44.042494
BOOM,VIALE PODGORA 5,Rimini,3,,5969,12.556489,44.076524
GRETA,VIALE PAOLO TOSCANELLI 32,Rimini,2,,5969,12.557556,44.076546
MIRAMARE ET DE LA VILLE,VIALE IVO OLIVETI 93,Riccione,3,,5955,12.619973,44.031203
ROSABIANCA,VIALE TRIPOLI 195,Rimini,4,,5969,12.583071,44.061620
GEMINI,VIALE VIAREGGIO 3,Riccione,3,,5955,12.614681,44.035984
COMO,VIA FERDINANDO GALIANI 7,Rimini,2,,5969,12.599953,44.046342
SOMBRERO,VIALE REGINA MARGHERITA 44,Rimini,3,,5969,12.613812,44.038041
EMILIA,VIALE SAN SALVADOR 154,Bellaria-Igea Marina,3,,619,12.508971,44.109926
CLIFF,VIALE PAOLO TOSCANELLI 96,Rimini,3,,5969,12.550156,44.079850
ESEDRA,VIALE CAIO DUILIO 3,Rimini,3,,5969,12.575151,44.073550
BRITANNIA,VIALE RENATO PARISANO 90,Rimini,3,,5969,12.583060,44.061074
NOAH SUITE HOTEL (EX MIRADOR),VIALE MESSINA 4,Rimini,3,,5969,12.613037,44.037680
CRISVAN (EX TRENTO),VIALE TOLMETTA 6,Bellaria-Igea Marina,3,,619,12.510980,44.108011
SANS SOUCI,VIALE MAREBELLO 10,Rimini,3,,5969,12.607101,44.042214
ENNA,VIALE ENNA 1,Rimini,2,,5969,12.606741,44.043135
BRASILIA,VIALE REGINA ELENA 187,Rimini,2,,5969,12.597864,44.051238
VILLA LAVINIA,VIALE LATINA 11,Riccione,2,,5955,12.616586,44.033985
TRINIDAD,VIALE HOMS 14,Rimini,3,,5969,12.582801,44.063361
REGINA ELENA 57,VIALE REGINA ELENA 57,Rimini,4,,5969,12.589222,44.059670
HOTEL ERBAVOGLIO (EX ROMAGNA),VIALE TRIPOLI 211,Rimini,4,,5969,12.584399,44.062102
VILLA ISOLA,VIALE BRINDISI 15,Rimini,2,,5969,12.609877,44.039683
PEONIA,VIALE CORMONS 35,Rimini,3,,5969,12.578936,44.066452
AUSONIA,VIALE MISURATA 51,Rimini,3,,5969,12.581262,44.063132
SPORTING,VIALE AMERIGO VESPUCCI 20,Rimini,4,,5969,12.579894,44.069257
TRE ROSE,VIALE SALVATORE BARTOLI 5,Rimini,3,,5969,12.525748,44.095856
MARA,VIA ACHILLE TORELLI 1,Rimini,1,,5969,12.599428,44.046932
BARBIANI,VIA VODICE 10,Rimini,3,,5969,12.553218,44.077181
DUCALE,VIALE TIRRENIA 11,Riccione,3,,5955,12.617924,44.033317
TRITONE,VIALE PAOLO TOSCANELLI 110,Rimini,3,,5969,12.549178,44.080686
CORDIAL,VIALE SARSINA 9,Riccione,2,,5955,12.615430,44.035228
DUOMO HOTEL,VIA GIORDANO BRUNO 28,Rimini,4,,5969,12.568000,44.060903
GABY,VIALE REGINA MARGHERITA 151,Rimini,3,,5969,12.613598,44.037771
DENNY,VIALE GUIDO PETROPOLI 5,Rimini,2,,5969,12.531335,44.091285
GABRIELLA,VIALE SIRTE 3,Bellaria-Igea Marina,3,,619,12.509616,44.108869
BELLA ROMAGNA,VIALE BRESCIA 1,Riccione,3,,5955,12.623649,44.029228
LIDO,VIALE GIULIANO DATI 95,Rimini,3,,5969,12.536416,44.089445
CRYSTAL,VIALE GIBUTI 23,Bellaria-Igea Marina,3,,619,12.511713,44.105629
TILMAR,VIALE REGINA ELENA 102,Rimini,3,,5969,12.598517,44.051298
SOLIDEA,VIALE GUIDO PETROPOLI 18,Rimini,3,,5969,12.527826,44.093407
PRESTIGE,VIA GIOVANNI DALLE BANDE NERE 18,Rimini,3,,5969,12.567734,44.073328
ARCANGELO,VIALE EMILIO PRAGA 6,Rimini,3,,5969,12.587344,44.056525
SAN REMO,VIALE PEGLI 2,Rimini,3,,5969,12.612844,44.038292
IVETTE,VIALE PORTO BARDIA 20,Bellaria-Igea Marina,1,,619,12.505414,44.111143
VILLA GIOVANNA,VIALE PALOTTA 20,Rimini,1,,5969,12.542991,44.083267
APOGEO,VIALE ALFREDO ORIANI 11,Rimini,3,,5969,12.592055,44.055689
LUXOR,VIALE TRIPOLI 203,Rimini,4,,5969,12.583751,44.062113
POLO,VIALE AMERIGO VESPUCCI 23,Rimini,4,,5969,12.578917,44.069489
OKINAWA,VIALE APRILIA 4,Riccione,3,,5955,12.618924,44.032550
HOTEL RIVA E MARE,VIALE XXV MARZO 1831 7,Rimini,3,,5969,12.551202,44.078852
TIBERIUS,VIALE CORMONS 6,Rimini,3,,5969,12.580220,44.067146
AURORA NORD,VIALE SAN SALVADOR 29,Rimini,1,,5969,12.515367,44.105073
CAROL,VIALE SABOTINO 12,Rimini,3,,5969,12.560187,44.074515
ADRIATICA,VIALE GIULIANO DATI 1,Rimini,3,,5969,12.543118,44.085008
MONDIAL,VIALE REGINA MARGHERITA 169,Riccione,3,,5955,12.615983,44.035791
VILLA ENEA,VIALE CATANIA 24,Rimini,2,,5969,12.610170,44.037368
VILLA ELSA,VIALE MAREBELLO 26,Rimini,1,,5969,12.605957,44.041535
BABY,VIALE XXV MARZO 1831 5,Rimini,4,,5969,12.551347,44.079016
ARIA,VIALE DANDOLO 13,Rimini,4,,5969,12.576366,44.069253
MIRABEL,VIALE GIULIANO DATI 184,Rimini,3,,5969,12.534181,44.090781
LEONI,VIALE REGINA ELENA 191,Rimini,3,,5969,12.598331,44.050890
SIRENA,VIALE IVO OLIVETI 103,Riccione,3,,5955,12.620316,44.031418
SULTANO,VIALE BERGAMO 12,Rimini,3,,5969,12.613742,44.036059
LUANA,VIALE POMEZIA 5,Riccione,1,,5955,12.617476,44.033830
VENERE,VIALE CATANIA 6,Rimini,3,,5969,12.612008,44.038440
COSMOS,VIALE LECCE 23,Rimini,3,,5969,12.609010,44.038431
BIKINI,VIALE CRISTOFORO COLOMBO 4,Rimini,4,,5969,12.575955,44.073620
HOUSTON,VIALE XXV MARZO 1831 2,Rimini,3,,5969,12.551271,44.078492
ROMEA,VIALE BRINDISI 2,Rimini,3,,5969,12.610875,44.039946
SPORT,VIALE BRESCIA 3,Riccione,3,,5955,12.623477,44.029154
MURANO,VIALE VIAREGGIO 4,Riccione,3,,5955,12.614301,44.035564
SYMPATHY,VIA FERDINANDO GALIANI 13,Rimini,3,,5969,12.600238,44.046491
BEAU RIVAGE,VIALE TRAPANI 10,Rimini,3,,5969,12.610961,44.038623
CARAIBI,VIALE TRAPANI 3,Rimini,3,,5969,12.611202,44.038927
ACASAMIA WELCHOME HOTEL (EX ACASAMIA),VIALE RENATO PARISANO 34,Rimini,3,,5969,12.585158,44.061654
BEL SOGNO,VIALE MODENA 11,Rimini,3,,5969,12.601303,44.046699
MONTI,VIALE MEDAGLIE D'ORO 5,Rimini,3,,5969,12.581577,44.066197
ME.BE.,VIALE LATINA 15,Riccione,3,,5955,12.616299,44.033814
GLOBUS,VIALE REGINA MARGHERITA 29,Rimini,3,,5969,12.602817,44.046952
ALGA,VIALE PORTO PALOS 33 E,Rimini,3,,5969,12.527574,44.095636
BACCO,VIALE TARANTO 29,Rimini,2,,5969,12.607940,44.039192
ST. MORITZ,VIALE PEGLI 4,Rimini,3,,5969,12.612500,44.038087
VILLA ERSILIA,VIALE PAOLO TOSCANELLI 24,Rimini,2,,5969,12.558467,44.076145
BAIA IMPERIALE,VIALE ORTIGARA 16,Rimini,4,,5969,12.564786,44.074918
MADRID,VIALE FIRENZE 9,Rimini,3,,5969,12.598321,44.049904
VILLA CATERINA,VIALE CIRENE 21,Rimini,3,,5969,12.582567,44.064579
ACCADEMIA,VIALE SABOTINO 6,Rimini,3,,5969,12.560435,44.074914
MAGDA,VIALE DON GIOVANNI MINZONI 16,Rimini,1,,5969,12.537682,44.086310
BELLEVUE,PIAZZALE JOHN FITZGERALD KENNEDY 12,Rimini,4,,5969,12.582305,44.066881
VILLA FRANCO,VIALE GIACOMO LEOPARDI 8,Rimini,3,,5969,12.587687,44.059878
SPIAGGIA MARCONI,VIALE REGINA ELENA 100,Rimini,3,,5969,12.598240,44.051531
OXYGEN (EX HELVETIA PARCO),VIALE PORTO PALOS 40,Rimini,4,,5969,12.528570,44.093618
FIORELLA,VIA DELLE MIMOSE 9,Rimini,1,,5969,12.589429,44.055915
AVANA MARE,VIA GABRIELE ROSSETTI 3,Rimini,3,,5969,12.581132,44.048146
ADRIA MARE,VIALE SARSINA 4,Riccione,3,,5955,12.615860,44.035341
AMOHA,VIALE SAN FRANCESCO 6,Rimini,2,,5969,12.603930,44.045462
JASMINE,VIALE CIVIDALE 2,Rimini,3,,5969,12.545229,44.082851
MORFEO,VIALE ENNA 22,Rimini,3,,5969,12.605220,44.042095
AMSTERDAM SUITE HOTEL & SPA,VIALE REGINA ELENA 9,Rimini,4,,5969,12.586475,44.062517
LADY,VIALE MAREBELLO 1,Rimini,1,,5969,12.607045,44.042346
LILIANA,VIALE GIOVANNI PASCOLI 105,Rimini,2,,5969,12.587437,44.057262
STELLA ALPINA,VIALE GUGLIELMO MARCONI 14,Riccione,3,,5955,12.616527,44.033812
DOGE,VIALE SAN SALVADOR 156,Bellaria-Igea Marina,3,,619,12.508766,44.110106
PERUGINI,VIALE PERUGINI 22,Rimini,2,,5969,12.605656,44.042041
CORALLO,VIALE AMERIGO VESPUCCI 46,Rimini,3,,5969,12.584341,44.064925
AURORA,VIALE GIULIANO DATI 182,Rimini,3,,5969,12.534348,44.090654
VIENNA,VIALE SARSINA 5,Riccione,3,,5955,12.615874,44.035550
ALASKA,VIALE ALESSANDRO MANZONI 6,Rimini,3,,5969,12.590221,44.057490
AMALFI,VIALE TRAPANI 15,Rimini,2,,5969,12.609885,44.038145
ANGELINI,VIALE WALTER GHELFI 22,Rimini,3,,5969,12.538188,44.086063
CARUSO,VIALE SIRACUSA 9,Rimini,3,,5969,12.606146,44.043462
VILLA MADANA,VIALE LECCE 19,Rimini,2,,5969,12.609383,44.038643
LOTUS (C.M. E DIPENDENZA),VIA GIUSEPPE ROVANI 3,Rimini,3,,5969,12.589212,44.057993
AVILA IN,VIALE SAN SALVADOR 192,Bellaria-Igea Marina,3,,619,12.505846,44.112555
AUDI,VIA ROMA (1972) 2,Rimini,3,,5969,12.593023,44.056894
CAPRI,VIALE DANDOLO 6,Rimini,2,,5969,12.576600,44.069829
CHRISTIAN,VIALE LECCE 4,Rimini,3,,5969,12.611013,44.039324
ZENITH,VIALE MESSINA 5,Rimini,3,,5969,12.612707,44.037671
ARIANE,VIALE REGINA MARGHERITA 28,Rimini,3,,5969,12.611206,44.040224
CA' VANNI,VIALE MANTOVA 1,Riccione,3,,5955,12.615462,44.034421
NIVES,VIALE SARSINA 13,Riccione,3,,5955,12.615241,44.035077
MARITTIMO,VIALE CHISIMAIO 8,Bellaria-Igea Marina,2,,619,12.511916,44.105891
PFA RIMINI (EX VILLA CICCHINI),VIALE AMILCARE PONCHIELLI 2,Rimini,2,,5969,12.541901,44.083087
NOVA DHELY,VIALE SIRACUSA 24,Rimini,3,,5969,12.605411,44.042809
NUMI,VIALE SIRTE 4,Bellaria-Igea Marina,2,,619,12.509716,44.108740
ELISEO,VIALE BRESCIA 5,Riccione,2,,5955,12.623298,44.029047
DONAU,VIALE VITTORIO ALFIERI 12,Rimini,3,,5969,12.587584,44.060702
NAICA,VIALE PORTOFINO 18 A,Rimini,3,,5969,12.604651,44.043123
EGLIS,VIALE AVISIO 16,Rimini,2,,5969,12.553653,44.076874
SAN PAOLO,VIALE FAENZA 2 A,Riccione,3,,5955,12.617026,44.034531
VILLA DEI GERANI,VIALE PALMANOVA 2,Rimini,3,,5969,12.551936,44.078356
ERVILL,PIAZZA FIDENZA 11,Rimini,3,,5969,12.605435,44.043201
RICCHI,VIALE CARLO ZAVAGLI 119,Rimini,3,,5969,12.563476,44.074186
BREMEN,VIALE BRINDISI 3,Rimini,3,,5969,12.610456,44.040019
ARDEA,VIALE BRESCIA 6,Riccione,3,,5955,12.623411,44.028875
LETIZIA,VIALE SAN FRANCESCO 12,Rimini,3,,5969,12.603560,44.045231
SAN GIORGIO,VIALE REGINA MARGHERITA 92,Riccione,3,,5955,12.620339,44.032654
AIRONE,VIALE REGINA ELENA 201,Rimini,3,,5969,12.598669,44.050301
VILLA LIETA,VIALE ENNA 11,Rimini,3,,5969,12.605715,44.042544
VITTORIA,VIALE DON GIOVANNI MINZONI 6,Rimini,3,,5969,12.538646,44.086936
ESTATE,VIALE SAN SALVADOR 87,Bellaria-Igea Marina,4,,619,12.511181,44.108404
GIGLIO,VIALE PRINCIPE DI PIEMONTE 18,Riccione,3,,5955,12.623163,44.030453
CLUB HOUSE,VIALE AMERIGO VESPUCCI 52,Rimini,4,,5969,12.584935,44.064356
ST. RAPHAEL,VIALE PEGLI 3,Rimini,3,,5969,12.612447,44.038286
MORONI,VIALE IMPERIA 29,Rimini,2,,5969,12.597675,44.050517
ARPA,VIALE TRENTO 3,Rimini,3,,5969,12.580548,44.066916
EASY (EX CORNO D'ORO),VIALE MANTOVA 4,Riccione,2,,5955,12.615072,44.034473
BYRON,VIALE GIULIANO DATI 88,Rimini,3,,5969,12.538396,44.087970
ARDESIA,VIALE RIMEMBRANZE 80,Rimini,3,,5969,12.598954,44.046646
FATIMA,VIALE BIAGIO DURANTI 2,Rimini,2,,5969,12.523105,44.098326
VERUDELLA,VIALE TRIPOLI 238,Rimini,2,,5969,12.583227,44.062097
GAIA,VIALE SAN SALVADOR 94,Bellaria-Igea Marina,2,,619,12.513052,44.106630
BRIDGE,VIALE REGINA ELENA 117,Rimini,3,,5969,12.593327,44.055764
CHERY,VIALE BARI 10,Riccione,2,,5955,12.622654,44.029153
SUPREM,VIALE GIULIANO DATI 93,Rimini,3,,5969,12.536801,44.089217
RAVELLO,VIALE RAPALLO 3,Rimini,3,,5969,12.607964,44.042210
FLAMINGO,VIALE REGINA MARGHERITA 36,Rimini,3,,5969,12.612929,44.038821
FEDORA,VIALE REGINA ELENA 65,Rimini,3,,5969,12.589876,44.059174
LE ALI (EX VILLA PANDA),VIALE FIRENZE 17,Rimini,2,,5969,12.597904,44.049727
VILLA DINA,VIALE GAETANO TONINI 49,Rimini,3,,5969,12.565577,44.072065
TRIESTE,VIALE TRIESTE 4,Rimini,4,,5969,12.580172,44.068107
VILLA NELIA,VIALE ANTONIO LOCATELLI 31,Riccione,1,,5955,12.616291,44.032849
MAISON B HOTEL (EX PATRIZIA),VIALE REGINA ELENA 84,Rimini,4,,5969,12.596474,44.053267
SERENELLA,VIALE PALOTTA 9,Rimini,2,,5969,12.543370,44.083756
SPRING,VIA GIOVANNI DALLE BANDE NERE 8,Rimini,3,,5969,12.568147,44.073999
BREZZA,VIALE XXV MARZO 1831 21,Rimini,3,,5969,12.550307,44.078000
FESTIVAL,VIALE PALESTRINA 8,Rimini,2,,5969,12.531735,44.091229
MILTON,VIA CAPPELLINI ALFREDO 1 A,Rimini,4,,5969,12.576161,44.073251
SANT'ELENA,VIALE MANTOVA 14,Riccione,3,,5955,12.614291,44.035130
LIME (EX SPLENDOR),VIALE REGINA ELENA 143,Rimini,3,,5969,12.595447,44.053709
LEM,VIA GIACOMO ZANELLA 3,Rimini,2,,5969,12.592651,44.055441
LUCA,VIALE LIVENZA 13,Rimini,2,,5969,12.551145,44.077098
ANNETTA,VIALE GIOSUE' CARDUCCI 42,Rimini,3,,5969,12.584181,44.060353
CESARI,VIALE CHEREN 22,Rimini,2,,5969,12.513077,44.103954
YOU & ME BEACH HOTEL,VIALE PORTO PALOS 65,Rimini,3,,5969,12.525089,44.097549
DEI PLATANI,VIALE IVO OLIVETI 76,Riccione,3,,5955,12.619637,44.031278
NEW CLUB,VIALE GIACOMO LEOPARDI 2 F,Rimini,3,,5969,12.588131,44.060148
THE SEA (EX VILLA GIACOMINI),VIALE DELLE COLONIE 18,Rimini,2,,5969,12.607806,44.039600
MELITA,VIALE PAOLO TOSCANELLI 144,Rimini,3,,5969,12.546327,44.082600
RAMONA,VIALE PEGLI 20,Rimini,2,,5969,12.610940,44.037152
HELIOS,VIALE BERGAMO 1,Rimini,4,,5969,12.614331,44.036607
VIRGINIA,VIALE REGINA ELENA 185,Rimini,3,,5969,12.597730,44.051527
MIRVANA,VIALE SALCANO 23,Rimini,1,,5969,12.545300,44.081081
IMPERIAL BEACH,VIALE PAOLO TOSCANELLI 19,Rimini,4,,5969,12.558863,44.076240
ZEUS,VIALE PORTO PALOS 1,Rimini,3,,5969,12.533569,44.091402
AUREA,VIALE GIACINTO MARTINELLI 7,Riccione,3,,5955,12.621012,44.030753
ADRIA BEACH (EX ESSEN),VIALE LAZZARO PAPI 13,Bellaria-Igea Marina,3,,619,12.506055,44.111270
VILLA SANTANNA,VIALE REGINA ELENA 243,Rimini,2,,5969,12.601112,44.048471
LITTLE,VIALE GUBBIO 16,Riccione,3,,5955,12.614841,44.034003
AQUILA,VIALE PORTO PALOS 13,Rimini,2,,5969,12.532244,44.092318
MARITTIMA,VIALE RENATO PARISANO 24,Rimini,3,,5969,12.585722,44.062155
ISABEL,VIALE PORTO PALOS 58,Rimini,3,,5969,12.527482,44.095417
ANNA RITA,VIALE MISURATA 24,Rimini,2,,5969,12.582518,44.063913
BROOKLYN,VIALE BRINDISI 1,Rimini,3,,5969,12.610662,44.040136
FAUSTA TERESA,VIALE POMEZIA 9,Riccione,2,,5955,12.617086,44.033529
SANTIAGO,V.LE TARANTO 2,Rimini,3,,5969,12.610396,44.040438
ALFREDO'S,VIALE LECCE 9,Rimini,3,,5969,12.610227,44.039127
DE LA PLAGE,VIALE AVISIO 7,Rimini,3,,5969,12.553963,44.077305
VILLA MIRAGGIO,VIALE GABRIELE D'ANNUNZIO 23,Rimini,2,,5969,12.595684,44.052665
AURORA MARE,VIALE LATINA 6,Riccione,3,,5955,12.617080,44.034151
PARK HOTEL SERENA,VIALE VINCENZO CANUTI 1,Rimini,3,,5969,12.529785,44.093106
CORONA,VIALE TRAPANI 4,Rimini,3,,5969,12.611651,44.038987
ERIKA,VIALE GIAN BATTISTA MARINO 11,Rimini,3,,5969,12.587661,44.059514
CAROLIN,VIALE ANTONIO LOCATELLI 22,Riccione,3,,5955,12.617035,44.032049
CONDOR,VIALE ADRIA 16,Riccione,3,,5955,12.621438,44.029020
AROS,VIALE SOLLUM 11,Bellaria-Igea Marina,3,,619,12.506378,44.110899
EL CID,VIALE TOCRA 5,Bellaria-Igea Marina,3,,619,12.507629,44.110456
LINA,VIA MARCO CAPIZUCCHI 6,Rimini,2,,5969,12.592237,44.053726
ADA,VIALE GIOSUE' CARDUCCI 3,Rimini,3,,5969,12.586332,44.061806
VELA AZZURRA,VIALE GIACINTO MARTINELLI 14,Riccione,2,,5955,12.620133,44.029817
TRE GRAZIE,VIALE SARSINA 6,Riccione,3,,5955,12.615758,44.035264
KURSAAL,VIALE REGINA ELENA 80,Rimini,3,,5969,12.596025,44.053794
ROSSINI,VIALE GIORGIO ANGELINI 11,Rimini,2,,5969,12.524582,44.096038
ROMINA,VIALE CATANIA 4,Rimini,3,,5969,12.612159,44.038540
CRINIERA D'ORO,VIALE GIOACCHINO ROSSINI 15,Rimini,3,,5969,12.540954,44.084135
GALLIA PALACE,VIALE REGINA ELENA 141,Rimini,4,,5969,12.595235,44.053993
METROPOLE,VIALE REGINA ELENA 64,Rimini,3,,5969,12.593765,44.056079
ORIGINALE,VIALE GIOSUE' CARDUCCI 9,Rimini,3,,5969,12.585765,44.061352
VILLA ARLOTTI,VIALE RAPALLO 19,Rimini,1,,5969,12.606434,44.041429
SARA,VIALE PAOLO TOSCANELLI 44,Rimini,3,,5969,12.556020,44.077097
LAIKA,VIALE PAOLO TOSCANELLI 1,Rimini,2,,5969,12.561316,44.075431
KING,VIALE AMERIGO VESPUCCI 139,Rimini,3,,5969,12.584799,44.063597
GENTY,VIALE REGINA ELENA 143 B,Rimini,4,,5969,12.595684,44.053510
MOBY DICK,VIA TORELLI ACHILLE 4,Rimini,2,,5969,12.599055,44.046901
VALPARAISO,VIALE CATANIA 12,Rimini,3,,5969,12.611428,44.038106
MARSELLI,VIALE CARLO ZAVAGLI 77,Rimini,3,,5969,12.562060,44.072537
VILLA DEL MARE EXCLUSIVE RESIDENCE HOTEL,VIALE MONTEBELLUNA 3,Rimini,3,,5969,12.580286,44.065564
VILLA CAMAY,VIALE PROTEO 3,Rimini,2,,5969,12.520908,44.099949
CAPINERA,VIALE TIRRENIA 6,Riccione,3,,5955,12.618041,44.033104
CAESAR,VIALE REGINA ELENA 30,Rimini,3,,5969,12.589459,44.060030
ALBACHIARA,VIALE PARMA 18,Rimini,3,,5969,12.603379,44.044027
LA CARROZZELLA,VIALE PAOLO TOSCANELLI 130,Rimini,1,,5969,12.547086,44.082099
HOTEL TERMINAL PALACE E SPA,VIALE REGINA MARGHERITA 100,Riccione,4,,5955,12.620863,44.032249
OREGON,VIALE LECCE 16,Rimini,3,,5969,12.609836,44.038641
ROSA (EX GAMMA),VIALE PAOLO TOSCANELLI 6,Rimini,2,,5969,12.560778,44.075341
RICCI,VIALE LATINA 8,Riccione,2,,5955,12.616871,44.034011
NIAGARA,VIALE ZANZUR 16,Rimini,3,,5969,12.581109,44.062931
PALAZZO CAVEJA (EX MAXY),VIA TOLEMAIDE 2,Bellaria-Igea Marina,3,,619,12.504791,44.113341
IDA,VIALE SAN SALVADOR 148,Bellaria-Igea Marina,3,,619,12.509665,44.109352
VANNINI,VIALE AMBA ALAGI 21,Bellaria-Igea Marina,3,,619,12.508247,44.108775
GATTEI,VIALE PORTOFINO 4,Rimini,3,,5969,12.605724,44.043638
VILLA GIORDO,VIALE IVO OLIVETI 30,Riccione,2,,5955,12.616138,44.029075
MINI HOTEL,VIALE PADOVA 10,Riccione,3,,5955,12.621593,44.029848
SABRINA NORD,VIALE DON GIOVANNI MINZONI 13,Rimini,2,,5969,12.538354,44.086903
IVANO,VIA ENNIO COLETTI 190,Rimini,3,,5969,12.554299,44.077248
BLUE MOON,VIALE ENNA 1 A,Rimini,3,,5969,12.606971,44.043227
ORCHIDEA,VIALE CORMONS 12,Rimini,3,,5969,12.579911,44.066901
FERRETTI BEACH HOTEL (EX ALBION),VIALE REGINA ELENA 32,Rimini,4,,5969,12.589700,44.059808
MONICA,VIALE BERGAMO 14,Rimini,3,,5969,12.613236,44.035744
CONFORT,VIALE GIOVANNI BOCCACCIO 7,Rimini,3,,5969,12.590767,44.057151
PLAYA,VIA PAGLIERANI ILARIO 2,Rimini,3,,5969,12.525827,44.095208
MARIA LUISA,VIALE GIULIANO DATI 13,Rimini,2,,5969,12.542074,44.085699
ANFORA VILLA BERNABE',VIALE GORIZIA 2,Rimini,2,,5969,12.545718,44.082508
ROXI FLORIDIANA,VIALE DUCA D'AOSTA 6,Rimini,3,,5969,12.575368,44.071632
BENVENUTI,VIALE EMILIO PRAGA 40,Rimini,2,,5969,12.589403,44.054248
RAY,VIALE GORIZIA 4,Rimini,3,,5969,12.545494,44.082391
VILLARGIA,VIALE CORMONS 11,Rimini,3,,5969,12.579675,44.066924
KENNEDY,VIALE TRENTO 4,Rimini,0,,5969,12.580450,44.066614
MARTINA'S,VIALE GIOVANNI PASCOLI 101,Rimini,0,,5969,12.587219,44.057106
VILLA DONATI,VIALE GIUMBO 13,Rimini,2,,5969,12.514571,44.104091
SAVINA,VIA PIETRO DA RIMINI 10,Rimini,3,,5969,12.593025,44.051886
DEL VECCHIO,VIALE SABOTINO 4,Rimini,3,,5969,12.560588,44.075151
MARINA BAY (EX LA RESIDENZA DEL TOURING),VIALE TIRRENIA 9,Riccione,3,,5955,12.618092,44.033427
CA' D'ORO,VIALE TENDA 2,Rimini,2,,5969,12.595627,44.052132
ISCHIA,VIALE SIRACUSA 17,Rimini,2,,5969,12.605848,44.043252
HOLLYWOOD,VIALE IVO OLIVETI 80,Riccione,3,,5955,12.619942,44.031468
MARIKA,VIALE ADRIA 10,Riccione,3,,5955,12.622113,44.029495
VILLA DOMIZIANA,VIALE OBBIA 1,Rimini,3,,5969,12.513838,44.105816
RONCONI,VIALE ENNA 3,Rimini,1,,5969,12.606529,44.043007
MAIN STREET,VIA CONSOLARE RIMINI-SAN MARINO 174,Montescudo-Monte Colombo,3,,4576,12.508069,43.992392
AQUILA AZZURRA,VIALE VITTORIO ALFIERI 18,Rimini,3,,5969,12.587088,44.060397
NOBEL,VIALE OBBIA 10,Rimini,3,,5969,12.513214,44.105271
ROYAL PLAZA,VIALE TRIESTE 22,Rimini,4,,5969,12.579158,44.067428
HOMIE (EX NAIADE),VIALE MEDAGLIE D'ORO 7,Rimini,3,,5969,12.581470,44.066061
PETRARCA,VIALE FRANCESCO PETRARCA 2,Rimini,3,,5969,12.589165,44.058995
LITORANEO SUITE HOTEL (EX LITORANEO E VILLA BIANCA),VIALE REGINA ELENA 22,Rimini,4,,5969,12.588456,44.061003
DORIANA,VIALE BRENTA 16,Rimini,2,,5969,12.552112,44.077131
TAORMINA,VIALE MISURATA 40,Rimini,1,,5969,12.581396,44.063038
CITY,VIALE FIRENZE 7,Rimini,3,,5969,12.598607,44.050044
SAN MARCO TORRE PEDRERA,VIALE TOLMETTA 18,Bellaria-Igea Marina,3,,619,12.510521,44.107657
ALFIERI,VIALE VITTORIO ALFIERI 10,Rimini,2,,5969,12.587715,44.060781
PATRIGNANI,VIA PIETRO GARATTONI 12,Rimini,1,,5969,12.565744,44.073627
ST. LOUIS,VIALE GIACINTO MARTINELLI 2,Riccione,3,,5955,12.621876,44.030964
LE VIOLE (EX IOLI),VIALE PORTO PALOS 70,Rimini,3,,5969,12.527284,44.095531
HAARLEM,VIALE SARSINA 7,Riccione,2,,5955,12.615671,44.035371
PANAMA MAJESTIC,VIALE REGINA ELENA 131,Rimini,4,,5969,12.594462,44.054706
ACQUARIO,VIALE SAN SALVADOR 42,Rimini,3,,5969,12.515837,44.104403
BAIA,VIALE PORTO PALOS 33,Rimini,3,,5969,12.527831,44.095553
BERGAMO,VIALE GUGLIELMO MARCONI 105,Riccione,3,,5955,12.621765,44.029125
ARAGOSTA,VIALE REGINA ELENA 34,Rimini,3,,5969,12.590048,44.059455
APIS,VIALE CODROIPO 27,Rimini,3,,5969,12.553319,44.076192
ALTO PINO,VIALE IMPERIA 7,Rimini,2,,5969,12.596450,44.051817
BERNA,VIALE SIRACUSA 8,Rimini,1,,5969,12.606425,44.043394
TRES JOLIE,VIALE TRAPANI 11,Rimini,3,,5969,12.610295,44.038397
KIM,VIALE SANTA MARGHERITA LIGURE 22,Rimini,2,,5969,12.603479,44.044579
RENZO,VIALE GIULIANO DATI 44,Rimini,1,,5969,12.541065,44.086152
PERU',VIALE PIETRO METASTASIO 3,Rimini,3,,5969,12.588823,44.058685
WALDORF,VIALE AMERIGO VESPUCCI 28,Rimini,4,,5969,12.580855,44.067980
ESTENSE,VIALE GIULIANO DATI 64,Rimini,1,,5969,12.539724,44.087029
JANNETTE,VIALE SIENA 20,Rimini,2,,5969,12.600849,44.046673
ELVIRA,VIALE SAN FRANCESCO 20,Rimini,2,,5969,12.603133,44.044977
BADEN BADEN,VIALE VIAREGGIO 15,Riccione,2,,5955,12.613480,44.035219
AMICIZIA,VIALE REGINA ELENA 63,Rimini,3,,5969,12.589662,44.059310
BING,VIALE BARI 17,Riccione,2,,5955,12.621877,44.028779
RITA,VIALE EDMONDO DE AMICIS 2,Rimini,1,,5969,12.540945,44.085804
NEW PRIMULA (EX PRIMULA),VIALE TRENTO 12,Rimini,3,,5969,12.579676,44.066119
DELLA VISTA (EX VILLA CAPRICCIO),VIALE GUGLIELMO MARCONI 2,Riccione,1,,5955,12.615744,44.034250
PRINCIPE DI PIEMONTE,VIALE PRINCIPE DI PIEMONTE 27,Riccione,3,,5955,12.622176,44.030797
IMPERIALE ( EX HOLIDAY INN IMPERIALE),VIALE AMERIGO VESPUCCI 16,Rimini,4,,5969,12.579380,44.069876
DU SOLEIL,VIALE REGINA ELENA 82,Rimini,4,,5969,12.596243,44.053477
AMBA,VIALE PAOLO TOSCANELLI 148,Rimini,3,,5969,12.545777,44.082923
DREAM,VIALE TIRRENIA 10,Riccione,2,,5955,12.617654,44.032945
VILLA MARIS,VIALE CARLO ZAVAGLI 152,Rimini,1,,5969,12.563354,44.074599
LA FENICE,VIALE MANTOVA 96,Rimini,3,,5969,12.607270,44.041279
DA.SA.MO.,VIALE VINCENZO BUSIGNANI 10,Rimini,3,,5969,12.530253,44.092400
RENO,VIALE TARANTO 23,Rimini,2,,5969,12.608530,44.039492
GOLDEN ROSE,VIALE SANTE POLAZZI 18,Rimini,2,,5969,12.537290,44.086851
BEN HUR,VIALE AMBA ALAGI 20,Bellaria-Igea Marina,3,,619,12.508388,44.108618
TERME SACRAMORA,VIALE PAOLO TOSCANELLI 142,Rimini,3,,5969,12.546504,44.082499
PALOMA,VIALE ORTIGARA 28,Rimini,3,,5969,12.565036,44.074797
COSMOPOLITA,VIALE GIULIANO DATI 7,Rimini,2,,5969,12.542771,44.085258
VENUS,VIALE LATINA 2,Riccione,3,,5955,12.617474,44.034418
BIANCA VELA,VIALE ADRIA 9,Riccione,3,,5955,12.622203,44.029753
MERCURE RIMINI LUNGOMARE,VIALE AMERIGO VESPUCCI 18,Rimini,4,,5969,12.579508,44.069559
EVA,VIALE MESSINA 17,Rimini,3,,5969,12.611402,44.036944
TABOR,VIALE DELLE COLONIE 4,Rimini,3,,5969,12.609398,44.040476
CASA AL MARE,VIALE DON DOMENICO MASI 14,Riccione,2,,5955,12.619130,44.031611
ALIBI',VIALE BENGASI 14,Rimini,3,,5969,12.581487,44.065007
MIA,VIALE PRINCIPE DI PIEMONTE 21,Riccione,3,,5955,12.621524,44.031355
AVE,VIALE POMEZIA 15,Riccione,2,,5955,12.616188,44.032965
STELLA D'ITALIA,PIAZZA GIOVANNI PASCOLI 34,Rimini,3,,5969,12.536942,44.088716
PACESETTER,VIALE GIULIANO DATI 4,Rimini,3,,5969,12.543784,44.084320
MILANESE,VIALE SAN SALVADOR 32,Rimini,3,,5969,12.516753,44.103685
MILENA,VIALE GIOVANNI BOCCACCIO 8,Rimini,3,,5969,12.591213,44.057191
BRITTA,VIALE AVISIO 24,Rimini,3,,5969,12.552955,44.076313
ERIALE,VIALE PIETRO METASTASIO 4,Rimini,1,,5969,12.588771,44.058553
CASTELLANI,VIA FRANCESCO ALGAROTTI 24,Rimini,2,,5969,12.590347,44.055710
SOAVE,VIALE FRANCESCO DE PINEDO 1,Riccione,3,,5955,12.620977,44.031380
STELLA POLARE,VIALE REGINA ELENA 78,Rimini,3,,5969,12.595685,44.054287
VILLA DEL BAGNINO,VIALE MAREBELLO 11,Rimini,2,,5969,12.606163,44.041845
MOROLLI,VIALE MONTEVERDI CLAUDIO 5,Rimini,3,,5969,12.542985,44.084188
VILLA IRMA,VIALE PADOVA 11,Riccione,3,,5955,12.620484,44.029307
VILLA DEL PARCO,VIALE REGINA MARGHERITA 85,Rimini,3,,5969,12.607220,44.042603
LUCY,VIALE PORTO PALOS 128,Rimini,2,,5969,12.523551,44.098359
WHAT ELSE (EX BOLOGNESE),VIALE SAN SALVADOR 134,Bellaria-Igea Marina,3,,619,12.510796,44.108439
CONCA D'ORO,VIALE ENRICO COLLI 4,Rimini,1,,5969,12.523666,44.097394
ALHAMBRA,VIALE PRINCIPE DI PIEMONTE 45,Riccione,3,,5955,12.623906,44.029454
BALTIC,VIALE GIOVANNI PASCOLI 121,Rimini,3,,5969,12.589120,44.058304
SOLE MIO,VIALE SIRACUSA 2,Rimini,3,,5969,12.606688,44.043557
ROMA,VIALE REGINA MARGHERITA 78,Riccione,3,,5955,12.618174,44.034361
CAESAR PALADIUM,VIALE PAOLO TOSCANELLI 15,Rimini,3,,5969,12.559381,44.076034
PRINCIPE,VIALE REGINA ELENA 197,Rimini,3,,5969,12.598407,44.050529
MARYLISE,VIALE PAOLO TOSCANELLI 2,Rimini,3,,5969,12.561185,44.075268
VILLA ROCCHI,VIALE SALCANO 19,Rimini,1,,5969,12.545436,44.081188
PRESTIGE MIRAMARE,VIALE BARI 23,Riccione,3,,5955,12.621490,44.028528
BLUMAR,VIALE REGINA MARGHERITA 81,Rimini,3,,5969,12.607189,44.043129
ALEX,VIALE BENEDETTO NERI 8,Rimini,2,,5969,12.596168,44.051764
CARAVEL,VIALE RAPALLO 17 A,Rimini,3,,5969,12.606824,44.041593
PICCINELLI,VIALE MISURATA 11,Rimini,3,,5969,12.583074,44.064559
VILLA LIVIA,VIALE ALESSANDRO MANZONI 3,Rimini,2,,5969,12.590105,44.058410
ONE (EX ALPEN),VIALE REGINA ELENA 205,Rimini,4,,5969,12.599359,44.049924
NETTUNIA,VIALE REGINA MARGHERITA 203,Riccione,4,,5955,12.618944,44.033347
DEMO (EX TOLEDO),VIA GIOVANNI DALLE BANDE NERE 20,Rimini,1,,5969,12.567602,44.073147
KISS,VIALE GIULIANO DATI 10,Rimini,3,,5969,12.542992,44.084803
HAWAY,VIALE REGINA MARGHERITA 38,Rimini,3,,5969,12.613051,44.038675
MONTMARTRE,VIALE SAN SALVADOR 36,Rimini,3,,5969,12.516428,44.103881
T' HOTEL  (EX MACKY),VIA LAGOMAGGIO 127,Rimini,3,,5969,12.593434,44.053107
SAVOIA HOTEL RIMINI,LUNGOMARE AUGUSTO MURRI 13,Rimini,4,,5969,12.584273,44.065529
VILLA ROBERT,VIALE DEL TRITONE 15,Rimini,2,,5969,12.519009,44.099744
GRIFONE,VIALE SAN FRANCESCO 2,Rimini,3,,5969,12.604159,44.045610
IMPERO,VIALE IVO OLIVETI 105,Riccione,3,,5955,12.620579,44.031583
LISTON,VIALE GIUSEPPE GIUSTI 8,Rimini,3,,5969,12.587249,44.061041
TAMBURINI,VIALE LECCE 20,Rimini,3,,5969,12.609454,44.038472
CARMEN,VIALE AMOS BURNAZZI 18,Rimini,1,,5969,12.536528,44.087326
CROWN,VIALE PAOLO TOSCANELLI 108,Rimini,3,,5969,12.549361,44.080537
ORLOV,VIALE FERRARA 40,Rimini,3,,5969,12.598602,44.048910
PARK HOTEL,VIALE REGINA ELENA 6,Rimini,4,,5969,12.586878,44.062533
CENTRALE MIRAMARE,VIALE PRINCIPE DI PIEMONTE 14,Riccione,3,,5955,12.622517,44.030935
LEONARDA,VIALE TRAPANI 24,Rimini,2,,5969,12.609538,44.037695
STRESA,VIALE GUBBIO 21,Riccione,3,,5955,12.614908,44.034292
VISTAMARE VISERBA (EX VILLA LUCIANA),VIALE GIULIANO DATI 109,Rimini,2,,5969,12.535102,44.090339
ROSE NUOVE (EX DUE ROSE),VIALE GIOACCHINO ROSSINI 1,Rimini,3,,5969,12.542301,44.085149
STOCKHOLM,VIALE POMEZIA 10,Riccione,3,,5955,12.617219,44.033444
BEPPE,VIALE XXV MARZO 1831 4 A,Rimini,3,,5969,12.550831,44.078113
MIKAELA,VIALE TRAPANI 16,Rimini,2,,5969,12.610285,44.038152
NELSON,VIALE REGINA MARGHERITA 40,Rimini,3,,5969,12.613301,44.038446
STUPIDO HOTEL,VIALE POMEZIA 7,Riccione,1,,5955,12.617296,44.033655
DE FRANCE,VIALE REGINA MARGHERITA 48,Rimini,3,,5969,12.614161,44.037733
GIADA,VIALE BIELLA 27,Riccione,2,,5955,12.613765,44.034711
MANOLA,VIALE TARANTO 7,Rimini,3,,5969,12.609607,44.040181
CONTINENTAL E DEI CONGRESSI,VIALE AMERIGO VESPUCCI 40,Rimini,4,,5969,12.583155,44.065949
JUNIOR,VIALE RENATO PARISANO 40,Rimini,3,,5969,12.584760,44.061669
AUGUSTUS,VIALE VITTORIO ALFIERI 1,Rimini,3,,5969,12.587607,44.060853
ALEVON,VIALE FAENZA 4,Riccione,3,,5955,12.616887,44.034329
STACCOLI,VIALE FERRARA 17,Rimini,3,,5969,12.598641,44.049365
LIU',VIALE DELLE COLONIE 9,Rimini,3,,5969,12.607966,44.039947
DUSSELDORF,VIALE BERGAMO 5,Rimini,3,,5969,12.614176,44.036514
HOLIDAY BEACH (EX HOLIDAY),VIALE SAN SALVADOR 24,Rimini,2,,5969,12.517334,44.103263
PRESIDENT,VIALE TRIPOLI 276,Rimini,4,,5969,12.584759,44.063199
MERCURE RIMINI ARTIS,VIALE AMERIGO VESPUCCI 38,Rimini,4,,5969,12.582794,44.066242
GRAZIELLA,VIALE SAN SALVADOR 56,Rimini,3,,5969,12.514490,44.105473
ALEXANDER,VIALE PAOLO TOSCANELLI 38 C,Rimini,3,,5969,12.556522,44.076906
MEHARI,VIALE GUGLIELMO MARCONI 101,Riccione,1,,5955,12.621357,44.029473
JOLE,VIALE BIELLA 22,Riccione,3,,5955,12.613936,44.034625
SORRISO,VIALE TRENTO 7,Rimini,3,,5969,12.580238,44.066654
VILLA LUIGIA,VIALE TRIPOLI 258,Rimini,3,,5969,12.584176,44.062776
LIFE,VIALE PORTO PALOS 34,Rimini,4,,5969,12.529957,44.093527
ROSSELLA,VIALE ROMA 7,Rimini,2,,5969,12.535877,44.088974
SAN FRANCISCO,VIALE REGINA MARGHERITA 42,Rimini,3,,5969,12.613541,44.038271
PACIFIC,VIALE SARSINA 29,Riccione,3,,5955,12.614213,44.034437
VILLA ADRIATICA,VIALE AMERIGO VESPUCCI 3,Rimini,4,,5969,12.577579,44.070400
ADMIRAL,VIALE GIOVANNI PASCOLI 145,Rimini,4,,5969,12.589973,44.058855
DONATELLA,VIALE OBBIA 21,Bellaria-Igea Marina,1,,619,12.512273,44.104922
GABBIANO,VIALE PAOLO TOSCANELLI 88,Rimini,3,,5969,12.551295,44.079304
MIAMI SPIAGGIA,VIALE PORTO PALOS 14,Rimini,2,,5969,12.532387,44.091960
ORIA,VIALE ASTICO 5,Rimini,2,,5969,12.557178,44.076336
LORA,VIALE OBBIA 11,Rimini,2,,5969,12.513107,44.105391
PARIS,VIALE SOMALIA 8,Bellaria-Igea Marina,3,,619,12.508104,44.109785
DELIZIA,VIALE ZANZUR 11,Rimini,2,,5969,12.581533,44.062831
MADISON,VIALE MANTOVA 78,Rimini,3,,5969,12.608739,44.040000
ATLAS,VIALE REGINA ELENA 74,Rimini,3,,5969,12.595043,44.054742
CARLTON BEACH,VIALE REGINA MARGHERITA 6,Rimini,3,,5969,12.607086,44.043738
CONSTELLATION,VIALE REGINA ELENA 73,Rimini,3,,5969,12.590786,44.058234
GLENN,VIALE AMBA ALAGI 10,Bellaria-Igea Marina,3,,619,12.509137,44.109060
OPEN HOTEL,VIALE MISURATA 8,Rimini,4,,5969,12.583503,44.064720
SI' RIMINI HOTEL (EX TORDI GARDEN HOTEL),VIALE VIAREGGIO 1,Riccione,3,,5955,12.615026,44.036246
MEMORY,VIALE ZANZUR 7,Rimini,3,,5969,12.581761,44.062658
DUE MARI,VIALE PRINCIPE DI PIEMONTE 53,Riccione,4,,5955,12.624929,44.028667
ARLINO (C.M.),VIALE BIELLA 11,Riccione,3,,5955,12.614832,44.035406
JORENA,VIALE RAPALLO 17 B,Rimini,3,,5969,12.606597,44.041469
AMBASCIATORI,VIALE AMERIGO VESPUCCI 22,Rimini,4,,5969,12.580174,44.068780
VILLA CRISTINA,VIALE CARIDDI 4,Rimini,1,,5969,12.593764,44.054608
CARLO,VIALE REGINA MARGHERITA 72,Riccione,3,,5955,12.617323,44.035062
MARILONDA,VIALE CATANIA 19,Rimini,3,,5969,12.611276,44.038232
COSTA AZZURRA,VIALE PAOLO TOSCANELLI 158,Rimini,3,,5969,12.544844,44.083597
TOURING,VIALE REGINA MARGHERITA 82,Riccione,4,,5955,12.618621,44.033998
GIULIO CESARE,VIA ANTONIO BATTARRA 9,Rimini,3,,5969,12.569443,44.059016
CHARLES,VIALE MODENA 16,Rimini,3,,5969,12.601812,44.046617
NAPOLEON,PIAZZALE CESARE BATTISTI 22,Rimini,3,,5969,12.571656,44.064386
NUOVA MEDUSA,VIALE REGINA MARGHERITA 32,Rimini,3,,5969,12.612372,44.039253
NUOVO BELVEDERE,VIALE ORTIGARA 25,Rimini,3,,5969,12.565621,44.074412
RIMINI SUITE HOTEL (EX SARAGONY'S),VIALE XXV MARZO 1831 19,Rimini,4,,5969,12.550447,44.078243
AGOSTINI,VIALE BRINDISI 4,Rimini,3,,5969,12.610594,44.039860
ITALIA,VIALE MISURATA 13,Rimini,3,,5969,12.582899,44.064400
IONES,V.LE TOSCANELLI PAOLO 7,Rimini,3,,5969,12.560432,44.075638
GALILEO,VIALE MANTOVA 21,Riccione,3,,5955,12.614028,44.035682
PARIGI,VIALE DERNA 25,Rimini,3,,5969,12.581224,44.064223
STELLA D'ORO,VIALE PORTO PALOS 2,Rimini,3,,5969,12.533458,44.091249
MARIU',VIALE VIAREGGIO 7,Riccione,3,,5955,12.614356,44.035853
LARIANA,VIALE BERGAMO 9,Rimini,2,,5969,12.613809,44.036265
ACERBOLI,VIALE BERTINORO 14,Rimini,3,,5969,12.602298,44.046481
ROMANTICA,VIALE DELLE COLONIE 10,Rimini,3,,5969,12.608388,44.039896
NEW HAPPY (EX HAPPY),VIALE CIRENE 27,Rimini,3,,5969,12.582170,44.065170
EXECUTIVE LA FIORITA,VIALE PRINCIPE DI PIEMONTE 8,Riccione,4,,5955,12.621863,44.031445
ARIMINUM,VIALE REGINA ELENA 159,Rimini,4,,5969,12.596320,44.052733
ST. GREGORY,VIA LUCIO LANDO 40,Rimini,4,,5969,12.569800,44.073794
GRADISCA,VIALE FIUME 1,Rimini,4,,5969,12.580838,44.066506
RADAR,VIALE GIUSEPPE GIUSTI 4,Rimini,3,,5969,12.587408,44.061128
TRIO D'ORO,VIALE TRAPANI 8,Rimini,3,,5969,12.611260,44.038716
GIOIELLA,VIALE GUGLIELMO MARCONI 16,Riccione,2,,5955,12.616639,44.033547
BUTTERFLY,VIALE REGINA MARGHERITA 175,Riccione,3,,5955,12.616628,44.035251
LILY,VIALE REGINA ELENA 175,Rimini,3,,5969,12.597286,44.051994
VILLA RENZI,VIALE CODROIPO 35,Rimini,1,,5969,12.552836,44.075781
DE LONDRES,VIALE AMERIGO VESPUCCI 24,Rimini,4,,5969,12.580314,44.068663
PARCO FELLINI,VIALE RUGGERO BALDINI 2 A,Rimini,3,,5969,12.574680,44.070228
MONTECARLO,VIALE TARANTO 1,Rimini,3,,5969,12.610025,44.040455
MIRAGE,VIALE CIVIDALE 5,Rimini,3,,5969,12.545046,44.082887
ETOILE,VIA ENNIO COLETTI 137,Rimini,3,,5969,12.556043,44.076385
VISERBA,VIALE PAOLO TOSCANELLI 146,Rimini,3,,5969,12.545993,44.082746
DUEMILA,VIALE LECCE 2,Rimini,3,,5969,12.611321,44.039551
ALESSI,VIALE GABRIELE D'ANNUNZIO 15,Rimini,2,,5969,12.595142,44.053191
GIANNELLA,VIALE PONTINIA 8,Riccione,3,,5955,12.618851,44.032938
BLUE RIBBON,VIALE GUBBIO 11,Riccione,2,,5955,12.615573,44.034745
ALFA,VIALE DOGALI 16,Bellaria-Igea Marina,2,,619,12.510409,44.107051
BETTY,VIA GIOVANNI DALLE BANDE NERE 14,Rimini,3,,5969,12.567884,44.073554
DERBY,VIALE REGINA ELENA 88 A,Rimini,4,,5969,12.597091,44.052684
CIRENE,VIALE CIRENE 3,Rimini,3,,5969,12.584179,44.063157
ARISTEO,VIALE REGINA ELENA 106,Rimini,3,,5969,12.598731,44.051017
ROSATI,VIALE SAN SALVADOR 190,Bellaria-Igea Marina,3,,619,12.506030,44.112398
MAJESTIC,VIALE REGINA MARGHERITA 16,Rimini,3,,5969,12.608126,44.042926
LA TORRETTA BRAMANTE,VIALE REGINA ELENA 199,Rimini,3,,5969,12.598762,44.050549
MICHELANGELO,VIALE REGINA MARGHERITA 191,Riccione,3,,5955,12.617836,44.034171
SALLY,VIA SACRAMORA 100,Rimini,1,,5969,12.540155,44.080796
VILLA LAURA,VIALE PORTO PALOS 52,Rimini,2,,5969,12.527780,44.095240
LORETTA,VIALE ANCONA 1 C,Rimini,3,,5969,12.600086,44.048710
SAVANA,VIALE ADRIA 7,Riccione,3,,5955,12.622409,44.029884
PICCOLO HOTEL ASTORIA,VIALE SILVIO CENCI 7,Rimini,3,,5969,12.526570,44.095273
VILLA IVONNE,VIALE ALESSANDRO MANZONI 15,Rimini,2,,5969,12.589871,44.057474
BETULLA,VIA ACHILLE TORELLI 6,Rimini,2,,5969,12.598794,44.047247
QUISISANA,VIALE REGINA ELENA 41,Rimini,3,,5969,12.588431,44.060623
CRETA,VIALE ANTONIO LOCATELLI 7,Riccione,2,,5955,12.618444,44.031140
SOVRANA,VIALE MISURATA 14,Rimini,4,,5969,12.583108,44.064346
NIZZA,VIALE PEGLI 10,Rimini,3,,5969,12.612105,44.037805
STRADIOT,VIALE CODROIPO 3,Rimini,3,,5969,12.554190,44.076817
CAPITOL,VIALE PRINCIPE DI PIEMONTE 16,Riccione,2,,5955,12.622928,44.030630
AL MAROCCO,VIALE PESCARA 3,Riccione,3,,5955,12.624075,44.028804
LAGOMAGGIO,VIA LAGOMAGGIO 111,Rimini,1,,5969,12.592174,44.052420
MARIO'S,VIALE IMPERIA 12,Rimini,3,,5969,12.597245,44.051340
MARIA PIERA,VIALE POMEZIA 4,Riccione,2,,5955,12.617786,44.033834
VISTAMARE (EX MERANO),VIALE REGINA MARGHERITA 163,Riccione,3,,5955,12.615140,44.036435
FABRIZIO,VIA FEDERICO TOZZI 5,Rimini,3,,5969,12.588480,44.054579
RIVER,VIALE ORTIGARA 21,Rimini,3,,5969,12.565434,44.074462
GLADIOLA,VIA ALESSANDRO FARNESE 8,Rimini,2,,5969,12.570071,44.072878
PRIMROSE (EX MANU'),VIALE BIELLA 14,Riccione,3,,5955,12.614957,44.035304
BAGLI,VIALE LECCE 15,Rimini,3,,5969,12.609718,44.038838
VILLA LAUDA,VIALE ADIGE 1,Rimini,1,,5969,12.561002,44.074894
ASCOT,VIALE PRINCIPE DI PIEMONTE 38,Riccione,4,,5955,12.625408,44.028704
CENISIO,VIA GIACOMO VILLANI 1,Rimini,3,,5969,12.594071,44.054268
VILLA PAOLA,VIALE GARIAN 2,Rimini,3,,5969,12.514950,44.104620
VILLA ROSA RIVIERA,VIALE AMERIGO VESPUCCI 71,Rimini,4,,5969,12.580972,44.067267
VILLA LALLA,VIALE VITTORIO VENETO 22,Rimini,3,,5969,12.576825,44.067438
CLERICE,VIALE SANTA MARGHERITA LIGURE 12,Rimini,2,,5969,12.603797,44.044793
ANVERSA,VIA ENNIO COLETTI 103,Rimini,3,,5969,12.559353,44.074399
BROTAS,VIALE CATANIA 9,Rimini,3,,5969,12.611792,44.038539
IVREA,VIALE CESENA 3,Rimini,1,,5969,12.597583,44.051101
OCEANIC,VIALE FERRARA 4,Rimini,3,,5969,12.600415,44.047515
BEL SOGGIORNO,VIALE GIUSEPPE GIUSTI 15,Rimini,1,,5969,12.586695,44.061018
APOLLO,VIALE DOMENICO SPINA 3,Rimini,3,,5969,12.528964,44.093255
AMERICANA,VIALE GIULIANO DATI 40,Rimini,2,,5969,12.541447,44.085865
BRENTA,VIALE PORTO PALOS 134,Rimini,3,,5969,12.523155,44.098666
DRIADE,VIALE PAOLO TOSCANELLI 25,Rimini,3,,5969,12.558199,44.076485
PRINCIER FINE RESORT & SPA,VIALE GIULIANO DATI 46,Rimini,4,,5969,12.540984,44.086182
BED&BOOK,VIALE POMEZIA 16,Riccione,2,,5955,12.616470,44.033031
DIANA,VIALE PORTO PALOS 15,Rimini,3,,5969,12.531912,44.092564
OLIMPIC,VIALE REGINA MARGHERITA 131,Rimini,3,,5969,12.611957,44.039155
SCARLET,VIALE GIOVANNI PASCOLI 119,Rimini,3,,5969,12.588848,44.058145
LONDRA,VIALE GUGLIELMO MARCONI 103,Riccione,2,,5955,12.621513,44.029331
BELVEDERE SPIAGGIA,VIALE GIULIANO DATI 51,Rimini,3,,5969,12.538549,44.088070
MADALU' (EX MILANO MARE),VIALE GIULIANO DATI 41,Rimini,3,,5969,12.539360,44.087516
ALSEN,VIALE PORTO PALOS 50,Rimini,3,,5969,12.527640,44.094947
ODEON,VIALE BENEDETTO NERI 6,Rimini,2,,5969,12.596626,44.051985
FRANCA,VIALE BUCCARI 4,Rimini,2,,5969,12.595785,44.053025
MINERVA,VIALE TOLMETTA 5,Bellaria-Igea Marina,1,,619,12.510677,44.107960
TYC HOTEL (EX MERKURY),VIALE SAN SALVADOR 160,Bellaria-Igea Marina,3,,619,12.508257,44.110500
I SUITE,VIALE REGINA ELENA 28,Rimini,5,,5969,12.589221,44.060232
EUROPA,VIALE AMERIGO VESPUCCI 83 D,Rimini,3,,5969,12.582757,44.065726
SILVER,VIALE BRESCIA 7,Riccione,1,,5955,12.623153,44.028931
GALASSIA,VIALE LECCE 1,Rimini,3,,5969,12.611188,44.039699
ASSO HOTEL,VIALE SARSINA 12,Riccione,3,,5955,12.615348,44.034984
CAMELIA,VIALE PADOVA 7,Riccione,2,,5955,12.621506,44.030007
LEVANTE,VIALE REGINA ELENA 88,Rimini,4,,5969,12.596969,44.052826
MARIA SERENA,VIALE ORTIGARA 31,Rimini,3,,5969,12.566863,44.074387
LEA,VIALE PEGLI 23,Rimini,1,,5969,12.610808,44.037291
IL NIDO,VIALE PAOLO TOSCANELLI 30 A,Rimini,2,,5969,12.557764,44.076413
VILLA ELISA,VIALE GIOVANNI PASCOLI 127,Rimini,3,,5969,12.589532,44.058582
VELIERO,VIALE TRAPANI 18,Rimini,3,,5969,12.610024,44.038014
JUMBO,VIALE REGINA MARGHERITA 107,Rimini,3,,5969,12.608971,44.041712
VILLA PODGORA,VIALE PODGORA 11,Rimini,3,,5969,12.555900,44.075888
ARMSTRONG,VIALE DELLE COLONIE 2,Rimini,3,,5969,12.609845,44.040742
DO.RE.MI.,VIALE PEGLI 7,Rimini,3,,5969,12.612088,44.038077
CADIZ,VIALE SILVIO CENCI 1,Rimini,3,,5969,12.527054,44.095612
EDEN,VIALE PORTO PALOS 7,Rimini,3,,5969,12.532782,44.091960
VILLA NANNI,VIALE TARANTO 25,Rimini,2,,5969,12.608367,44.039359
RIDENS,VIALE PORTO PALOS 158,Rimini,2,,5969,12.520359,44.100847
VENEZIA,VIALE GIACOMO LEOPARDI 6,Rimini,3,,5969,12.587851,44.059990
COLOMBO,VIALE PAOLO TOSCANELLI 46,Rimini,3,,5969,12.555727,44.077211
BEL AIR,VIALE REGINA MARGHERITA 14,Rimini,3,,5969,12.607910,44.043040
PICADOR,VIA CARLO TENCA 2,Rimini,3,,5969,12.585798,44.056629
SEVEN,VIALE MERCA 14,Rimini,3,,5969,12.513260,44.104136
BAMBY,VIALE VITTORIO VENETO 18,Rimini,3,,5969,12.577060,44.067576
VIALE APRILIA 3 (EX LANDI),VIALE APRILIA 3,Riccione,1,,5955,12.618653,44.032617
ASTOR,VIALE REGINA MARGHERITA 74,Riccione,3,,5955,12.617433,44.034972
PERLA VERDE,VIALE SALVATORE BARTOLI 3,Rimini,3,,5969,12.526014,44.096072
OMBRETTA,VIALE TOLMETTA 11,Bellaria-Igea Marina,3,,619,12.510024,44.107548
ARIOSTO,VIALE LUDOVICO ARIOSTO 2 B,Rimini,2,,5969,12.589373,44.059466
AZZURRA,VIALE TRIPOLI 294,Rimini,3,,5969,12.584958,44.063345
GIARDINO,VIALE CIVIDALE 6,Rimini,2,,5969,12.544996,44.082671
HELVETIA,VIALE MESSINA 7,Rimini,3,,5969,12.612472,44.037575
CALYPSO,VIALE TRIESTE 15,Rimini,3,,5969,12.578170,44.067167
MON PAYS,VIALE VITTORIO ALFIERI 3,Rimini,3,,5969,12.587319,44.060665
ALCAZAR,VIALE ARETUSA 1,Rimini,3,,5969,12.522627,44.098964
RIVIERA MARE,VIALE GIULIANO DATI 85,Rimini,3,,5969,12.537349,44.088833
FRA I PINI,VIALE ISEO PEDRIZZI 13,Rimini,3,,5969,12.530183,44.091736
ANGELI,VIALE KASSALA 9,Bellaria-Igea Marina,3,,619,12.508146,44.109390
MORFEO 2,VIALE ENNA 14,Rimini,3,,5969,12.605832,44.042452
VIENNA OSTENDA,VIALE REGINA ELENA 11,Rimini,4,,5969,12.586627,44.062343
ELISIR,VIALE CORDEVOLE 5,Rimini,4,,5969,12.552735,44.077369
NUOVO GIARDINO,VIALE BIELLA 6,Riccione,3,,5955,12.615472,44.035613
UNIVERSO,VIALE BERTINORO 2,Rimini,3,,5969,12.602813,44.046724
BEVERLY,VIALE PORTOFINO 2,Rimini,3,,5969,12.606075,44.043819
MIZAR,VIALE BERGAMO 4,Riccione,3,,5955,12.614565,44.036540
VILLA AUGUSTEA (EX AUGUSTEA),VIALE REGINA ELENA 56,Rimini,3,,5969,12.592620,44.057005
BRENNERO,VIALE FIRENZE 14,Rimini,2,,5969,12.598463,44.049527
NEYRA BEACH (EX ESTRELLITA),VIALE BERTINORO 16 C,Rimini,0,,5969,12.601973,44.046020
BLANES,VIALE DELLE COLONIE 14,Rimini,2,,5969,12.608188,44.039783
BENGASI,VIALE BENGASI 18,Rimini,3,,5969,12.581262,44.064910
AQUA (EX ABARTH),VIALE PAOLO MANTEGAZZA 12,Rimini,4,,5969,12.577232,44.069379
RAINBOW,VIALE PRINCIPE DI PIEMONTE 33,Riccione,3,,5955,12.622492,44.030461
GASTON,VIALE PALMANOVA 11,Rimini,4,,5969,12.552377,44.077933
CAVALLINO BIANCO,VIALE SARSINA 24,Riccione,2,,5955,12.614442,44.034401
REX,VIALE SCILLA 1 A,Rimini,3,,5969,12.593688,44.055346
VILLA ITALA,VIALE VITTORIO VENETO 15,Rimini,3,,5969,12.576971,44.067776
ANDREA'S HOTEL,VIALE MAREBELLO 9,Rimini,3,,5969,12.606348,44.041986
TRE ASSI,VIALE SABAUDIA 13,Riccione,3,,5955,12.618793,44.032320
VILLA IRIS,VIALE OBBIA 3,Rimini,2,,5969,12.513625,44.105705
NATIONAL,VIALE AMERIGO VESPUCCI 42,Rimini,4,,5969,12.583379,44.065730
KELLY,VIALE ENNA 8,Rimini,2,,5969,12.606279,44.042752
TELSTAR,VIALE VIAREGGIO 2 A,Riccione,3,,5955,12.615027,44.036021
OMBRETTA MARE,VIALE RAPALLO 17,Rimini,3,,5969,12.607182,44.041798
BUSIGNANI,VIALE AVISIO 15,Rimini,3,,5969,12.553349,44.076851
CRISS,VIALE XXV MARZO 1831 11,Rimini,3,,5969,12.550852,44.078530
EMMA NORD,VIALE ISONZO 13,Rimini,3,,5969,12.552325,44.077055
QUO VADIS,VIA FLAMINIA 339,Rimini,3,,5969,12.600833,44.034318
PLAZA,VIALE BIELLA 10,Riccione,3,,5955,12.615205,44.035443
SOLE BLU,VIALE ALESSANDRO MANZONI 1,Rimini,3,,5969,12.590287,44.058526
MEXICO,VIALE SAN SALVADOR 194,Bellaria-Igea Marina,3,,619,12.505537,44.112806
WILMA,VIALE SANTA MARGHERITA LIGURE 15,Rimini,3,,5969,12.603611,44.044872
ENZA,VIALE PARMA 3,Rimini,2,,5969,12.604396,44.044691
NEDA,VIALE TENDA 2 A,Rimini,2,,5969,12.595668,44.051948
VITTORIO VENETO,VIALE GIOVANNI LETTIMI 6,Rimini,2,,5969,12.596789,44.051277
KONRAD,VIALE MANTOVA 98,Rimini,3,,5969,12.607094,44.041455
KADETT,VIALE GUGLIELMO MARCONI 30,Riccione,3,,5955,12.618255,44.032252
LA GIOIOSA,VIALE IMPERIA 17,Rimini,3,,5969,12.597092,44.051201
CAMPEADOR,VIALE SAN SALVADOR 164,Bellaria-Igea Marina,3,,619,12.507835,44.110882
SABBIA D'ORO,VIALE TIMAVO 5,Rimini,2,,5969,12.551253,44.077913
DIPLOMAT PALACE,VIALE REGINA ELENA 70,Rimini,4,,5969,12.594522,44.055170
AIGLON,VIALE BRINDISI 8,Rimini,3,,5969,12.610242,44.039652
UP HOTEL (EX DETROIT),VIALE GUBBIO 7,Riccione,3,,5955,12.615761,44.034868
GHIRLANDINA,VIALE REGINA MARGHERITA 30,Rimini,3,,5969,12.611837,44.039743
DE LA VILLE,VIALE RAPALLO 18,Rimini,3,,5969,12.606736,44.041326
LA DOLCE VITA,VIALE DON GIOVANNI BOSCO 21,Rimini,3,,5969,12.585112,44.062106
VILLA LUCA'S,VIA MORGAGNI GIAMBATTISTA 51,Rimini,1,,5969,12.607579,44.037355
ARCADE,VIA LAGOMAGGIO 143 C,Rimini,3,,5969,12.594584,44.053716
SILVANA BEACH,VIALE VITTORIO ALFIERI 14,Rimini,2,,5969,12.587568,44.060494
ARENA,VIALE DELLE COLONIE 6,Rimini,3,,5969,12.609012,44.040327
VILLA MARINA,VIALE GIOVANNI PASCOLI 220,Rimini,3,,5969,12.589737,44.058900
CAVALLUCCIO MARINO,VIALE SAN SALVADOR 79,Bellaria-Igea Marina,3,,619,12.512110,44.108053
CANASTA,VIALE ROMA 3,Rimini,3,,5969,12.536091,44.089078
VILLA DEI FIORI,VIALE VINCENZO CANUTI 6,Rimini,3,,5969,12.529586,44.092711
GRAPPOLI,VIALE AVISIO 13,Rimini,1,,5969,12.553518,44.077017
SAPONI,VIALE ENNA 9,Rimini,3,,5969,12.606012,44.042705
DARIA,VIALE BERGAMO 12 B,Rimini,3,,5969,12.613382,44.035850
CLITUNNO,VIALE PORTO PALOS 47,Rimini,3,,5969,12.526534,44.096413
MEUBLE' VILLA LUSAKA,VIALE MESSINA 16,Rimini,1,,5969,12.611785,44.036984
MORA,VIALE POMEZIA 3,Riccione,1,,5955,12.617672,44.033908
PIGALLE,VIALE UGO FOSCOLO 7,Rimini,1,,5969,12.585628,44.061620
ADELPHI,VIALE MISURATA 26,Rimini,2,,5969,12.582305,44.063725
GRAND MEETING,VIALE REGINA MARGHERITA 46,Rimini,3,,5969,12.613963,44.037901
VILLA CAVALLI,VIALE ZANZUR 3,Rimini,2,,5969,12.582152,44.062348
EIFFEL,VIALE BRINDISI 6,Rimini,3,,5969,12.610441,44.039769
RIVAZZURRA,VIALE REGINA MARGHERITA 173,Riccione,3,,5955,12.616467,44.035390
NANCY,VIALE GIACOMO LEOPARDI 11,Rimini,3,,5969,12.587537,44.060008
BALDININI HOTEL,VIALE SAN SALVADOR 65,Bellaria-Igea Marina,4,,619,12.512391,44.107653
AMBRA,VIALE REGINA ELENA 72,Rimini,3,,5969,12.594713,44.054994
TRE STELLE,VIA LAGOMAGGIO 117,Rimini,3,,5969,12.592943,44.052807
ARABESCO,VIALE GEBEL 5,Rimini,3,,5969,12.515508,44.103381
BOLOGNA MIRAMARE,VIALE TIRRENIA 8,Riccione,3,,5955,12.617854,44.033062
DOLORES,VIALE BAINSIZZA 3,Rimini,3,,5969,12.544544,44.083232
AURA LIVING HOTEL (EX BROWN),VIALE POLA 29,Rimini,3,,5969,12.579163,44.065373
T.V.,VIALE TRAPANI 13,Rimini,3,,5969,12.610029,44.038230
VERDEMARE,VIALE WALTER GHELFI 10,Rimini,3,,5969,12.539279,44.086766
DIAMOND,VIALE REGINA ELENA 183,Rimini,3,,5969,12.597529,44.051685
GIORG,VIALE PRINCIPE DI PIEMONTE 39,Riccione,3,,5955,12.623057,44.029968
SAMOA,VIALE GUIDO PETROPOLI 16,Rimini,3,,5969,12.528012,44.093282
OTTAVIA,VIA UMBERTO DI MINIELLO 10,Rimini,2,,5969,12.565102,44.073622
GRAZIELLA MARE,VIALE CATANIA 7,Rimini,3,,5969,12.611993,44.038663
REGINA,VIALE REGINA MARGHERITA 76,Riccione,3,,5955,12.617697,44.034755
GIMMI,VIALE KASSALA 2,Bellaria-Igea Marina,3,,619,12.509124,44.109760
COLIBRI',VIALE BRINDISI 24,Rimini,3,,5969,12.608957,44.038887
CRISTALLO,VIALE REGINA ELENA 133,Rimini,4,,5969,12.594714,44.054373
PANORAMIC,VIALE DOMENICO CIMAROSA 1,Rimini,3,,5969,12.544323,44.083726
BLUMEN,VIALE GIULIANO DATI 9,Rimini,3,,5969,12.542570,44.085376
NAUTIC,VIALE GIULIANO DATI 91,Rimini,3,,5969,12.536892,44.089148
DANIELA,VIALE BRIGA 2,Rimini,3,,5969,12.601386,44.047493
EURHOTEL,VIALE FAENZA 5,Riccione,3,,5955,12.616803,44.034765
MEDUSA,VIALE MEDAGLIE D'ORO 9,Rimini,2,,5969,12.581417,44.065849
FELIX,VIALE PESCARA 6,Riccione,3,,5955,12.624137,44.028647
GARDENIA,VIALE SAN SALVADOR 150,Bellaria-Igea Marina,3,,619,12.509404,44.109530
TILL,VIALE SIRACUSA 10,Rimini,3,,5969,12.606194,44.043261
ROMA SPIAGGIA,VIALE GIULIANO DATI 101,Rimini,2,,5969,12.535989,44.089755
RUBENS,VIALE GUBBIO 18,Riccione,3,,5955,12.614641,44.033923
RIBOT,VIALE TOLMETTA 7,Bellaria-Igea Marina,3,,619,12.510385,44.107789
ALI D'ORO,VIALE LECCE 3,Rimini,3,,5969,12.610934,44.039563
ADRIA NUOVA,VIALE GABRIELE D'ANNUNZIO 6,Rimini,3,,5969,12.595000,44.053600
VILLA MEROPE (CASA MADRE),VIALE TRENTO 8,Rimini,3,,5969,12.580231,44.066441
VILLA PARIGINA,VIALE NOVEGNO 1,Rimini,2,,5969,12.543037,44.082838
VIKING,VIA GALEATA 4,Santarcangelo di Romagna,3,,6909,12.486501,44.067953
VILLA PERAZZINI,VIALE OBBIA 9,Rimini,2,,5969,12.513325,44.105541
COBALTO,VIALE REGINA ELENA 96,Rimini,3,,5969,12.597908,44.051808
SOMA (EX SAXON),VIALE CIRENE 36,Rimini,3,,5969,12.583104,44.063898
SUSY,VIALE BRINDISI 23,Rimini,3,,5969,12.608765,44.039014
ALABAMA,VIALE GIOSUE' CARDUCCI 7,Rimini,3,,5969,12.586035,44.061504
RONDINELLA E VIOLA,VIALE BENEDETTO NERI 3,Rimini,3,,5969,12.596553,44.052172
ST. PIERRE,VIALE RENATO PARISANO 16,Rimini,3,,5969,12.586008,44.062375
CROCE DEL SUD,VIALE SAN SALVADOR 198,Bellaria-Igea Marina,3,,619,12.505136,44.113187
EUROMAR,VIALE AVISIO 11,Rimini,3,,5969,12.553718,44.077158
DIAMANTE,VIALE PORTO BARDIA 8,Bellaria-Igea Marina,3,,619,12.505778,44.111390
EUGENIO,VIALE LAZZARO PAPI 16,Bellaria-Igea Marina,2,,619,12.505682,44.110824
AMICA,VIALE PARMA 6,Rimini,2,,5969,12.604529,44.044619
PECCI,VIALE BRESCIA 4,Riccione,3,,5955,12.623641,44.028996
VELA D'ORO,VIALE REGINA MARGHERITA 34,Rimini,3,,5969,12.612537,44.039091
SMARTY PARK,VIALE ORTIGARA 41,Rimini,1,,5969,12.568365,44.073662
ZURIGO,VIALE BERGAMO 7,Rimini,3,,5969,12.613968,44.036397
MODERNO,PIAZZALE CESARE BATTISTI 16,Rimini,3,,5969,12.572374,44.064005
GIOIA,VIALE GIOVANNI BOCCACCIO 3,Rimini,3,,5969,12.591073,44.057303
PRIMAVERA,VIA LAGOMAGGIO 113,Rimini,2,,5969,12.592718,44.052685
SUNFLOWER CITY,VIALE DARDANELLI 102,Rimini,2,,5969,12.573372,44.069457
HARMONY,VIALE ASTICO 6,Rimini,3,,5969,12.557350,44.076117
SOLEMARE (EX VILLA MARIA),VIALE IVO OLIVETI 84,Riccione,1,,5955,12.620168,44.031782
MAJORCA,VIALE RAPALLO 9,Rimini,1,,5969,12.607714,44.042142
VILLA ELIA,VIALE TRAPANI 19,Rimini,2,,5969,12.609651,44.037972
ADLER,VIALE CATANIA 14,Rimini,3,,5969,12.611080,44.037901
SABRINA,VIALE TIRRENIA 7,Riccione,2,,5955,12.618242,44.033490
TURISMO,VIALE PIACENZA 10,Rimini,2,,5969,12.533248,44.089524
CROSAL,VIALE CARLO ZAVAGLI 154,Rimini,3,,5969,12.563456,44.074727
COLORADO,VIALE TRAPANI 9,Rimini,0,,5969,12.610820,44.038711
MEDITERRANEO,VIALE POMEZIA 8,Riccione,3,,5955,12.617420,44.033579
BELMAR,VIALE BERGAMO 6,Riccione,2,,5955,12.614393,44.036383
DALIA,VIALE ALESSANDRO MANZONI 4,Rimini,2,,5969,12.590466,44.057616
L. & V.,VIALE PAOLO TOSCANELLI 78,Rimini,3,,5969,12.552417,44.078513
MIRA,VIALE TARANTO 8,Rimini,2,,5969,12.609751,44.040022
BELLEROFONTE,VIA GIUSEPPE LIPPARINI 14,Rimini,3,,5969,12.588289,44.053939
SUSANNA,VIALE CELSO BOTTEGHI 3,Rimini,2,,5969,12.532982,44.089922
GALLES,VIALE REGINA ELENA 179,Rimini,3,,5969,12.597383,44.051892
FIOR DI LOTO,VIALE GUBBIO 5,Riccione,2,,5955,12.615955,44.035024
NELLA,VIALE RIMEMBRANZE 90,Rimini,3,,5969,12.600754,44.047558
ACASANOSTRA (EX MUTACITA),VIALE LUGANO 29,Riccione,3,,5955,12.620126,44.028421
CORTINA,VIALE CORMONS 39,Rimini,3,,5969,12.578613,44.066277
L'HOTEL,VIALE FIRENZE 12,Rimini,3,,5969,12.598599,44.049687
ARIX,VIALE MESSINA 3,Rimini,2,,5969,12.612894,44.037819
PIPER,VIALE SAN SALVADOR 196,Bellaria-Igea Marina,3,,619,12.505266,44.113028
SANTINI,VIALE TARANTO 18,Rimini,3,,5969,12.609017,44.039636
LUNA ROSSA,VIALE BRESCIA 11,Riccione,3,,5955,12.622798,44.028672
LEXINGTON (EX HOSTEL BELLA RIMINI),VIALE BIELLA 5,Riccione,2,,5955,12.615477,44.035797
BIG (EX GOBBI),VIALE SIRACUSA 28,Rimini,2,,5969,12.604950,44.042542
GIALPINA,VIALE SALCANO 28,Rimini,1,,5969,12.545597,44.081133
SHAKA (EX VILLA LORIS),VIALE CATANIA 23,Rimini,2,,5969,12.610647,44.037873
MAURI,VIALE SIRACUSA 14,Rimini,3,,5969,12.605939,44.043105
ARMANDA,VIALE PAOLO TOSCANELLI 37,Rimini,1,,5969,12.556531,44.077102
PLATINUM (EX MARGARET),VIALE SAN SALVADOR 144,Bellaria-Igea Marina,3,,619,12.510185,44.108930
CONTI,VIALE MACALLE' 6,Bellaria-Igea Marina,3,,619,12.508197,44.108474
SMILE,VIALE SARSINA 10,Riccione,2,,5955,12.615588,44.035137
PAMELA,VIALE GIOVANNI PASCOLI 89,Rimini,2,,5969,12.586344,44.056591
SANDRA,VIALE BERGAMO 24,Rimini,3,,5969,12.612456,44.035189
FELLINI RIMINI,VIALE RAPALLO 21,Rimini,3,,5969,12.606472,44.041241
ANCORA,VIALE REGINA ELENA 90,Rimini,3,,5969,12.597288,44.052564
GIANFRANCO,VIALE SOLLUM 3,Bellaria-Igea Marina,3,,619,12.507034,44.111292
ATLANTIC,VIALE PORTO PALOS 27,Rimini,3,,5969,12.530609,44.093438
ENNIA,VIALE MILANO 6,Rimini,2,,5969,12.534708,44.089429
BEL MARE,VIALE GABRIELE D'ANNUNZIO 3,Rimini,3,,5969,12.594594,44.053414
BAHAMA,VIA GIOVANNI BRIOLINI 12,Rimini,3,,5969,12.567343,44.073421
ALDEBARAN,VIALE CORMONS 9,Rimini,3,,5969,12.579727,44.066987
VEDEA,VIALE LATINA 4,Riccione,2,,5955,12.617232,44.034295
TAMANCO,VIALE MANTOVA 12,Riccione,3,,5955,12.614459,44.034983
VILLA SORCI,VIALE BRENTA 14,Rimini,2,,5969,12.552277,44.077319
LATINI,VIALE BERGAMO 22,Rimini,3,,5969,12.612610,44.035374
ELEONORA,VIALE MODENA 6,Rimini,1,,5969,12.602070,44.046990
ANNA MARE,VIALE LUCINICO 5,Rimini,3,,5969,12.554792,44.076576
PAN DI ZENZERO (EX LE AROMATICHE),VIALE PALOTTA 15,Rimini,2,,5969,12.543065,44.083533
VILLA DEL PRATO,VIALE SAN FRANCESCO 8,Rimini,2,,5969,12.603712,44.045313
PALMA,VIALE CATANIA 15,Rimini,3,,5969,12.611464,44.038354
JOLIE,VIALE TRIPOLI 197,Rimini,3,,5969,12.583313,44.061724
LA CONCHIGLIA,VIALE SAN SALVADOR 47,Rimini,3,,5969,12.513823,44.106273
OSTUNI,VIALE PORTO PALOS 108,Rimini,3,,5969,12.524884,44.097400
MARINA,VIALE MARMARICA 13,Rimini,3,,5969,12.581621,44.064034
OASI DEL MARE,VIALE TRAPANI 5,Rimini,3,,5969,12.611011,44.038813
LIVERPOOL HOTEL RIMINI ALL INCLUSIVE (EX) LIVERPOOL,VIALE BERGAMO 8,Riccione,3,,5955,12.614154,44.036297
ACQUAZZURRA,VIALE MISURATA 15,Rimini,3,,5969,12.582689,44.064236
VILLA ANNY,VIALE ANCONA 10,Rimini,2,,5969,12.599890,44.048351
GIACINTA,VIA PIETRO GARATTONI 16,Rimini,2,,5969,12.565577,44.073309
GIANNINI,VIALE PRINCIPE DI PIEMONTE 10,Riccione,3,,5955,12.622270,44.031122
GAMBRINUS,VIALE NERVI 14,Rimini,3,,5969,12.607679,44.040908
VILLA RINALDINI,VIALE BIAGIO DURANTI 29,Rimini,2,,5969,12.521685,44.097449
CIONDOLO D'ORO,VIALE LAZZARO PAPI 8,Bellaria-Igea Marina,3,,619,12.506450,44.111306
MY PLACE (EX LA COCCINELLA),VIALE PAOLO MANTEGAZZA 5,Rimini,3,,5969,12.577309,44.069895
DES BAINS,VIALE GABRIELE D'ANNUNZIO 13,Rimini,2,,5969,12.594858,44.053132
AMADOS,VIALE VIAREGGIO 11,Riccione,2,,5955,12.613811,44.035421
PALM BEACH,VIALE REGINA MARGHERITA 161,Riccione,3,,5955,12.614849,44.036674
ROSY,VIALE GIACOMO PUCCINI 6,Rimini,3,,5969,12.541531,44.085389
VILLA ADELMO,VIALE ANTONIO LOCATELLI 60,Riccione,1,,5955,12.615959,44.032927
LORENA,VIALE IVO OLIVETI 71,Riccione,2,,5955,12.617733,44.029806
SABRINA RIMINI,VIALE GIOVANNI PASCOLI 83,Rimini,1,,5969,12.585883,44.056257
ACQUAMARINA,VIALE GIULIANO DATI 111,Rimini,2,,5969,12.534937,44.090451
KABIR,VIALE CESARE BORGHESI 7,Rimini,2,,5969,12.519194,44.100902
HOTEL GOLDEN (EX GOLDEN HOTEL),VIALE PRINCIPE DI PIEMONTE 2,Riccione,3,,5955,12.621188,44.031876
SENYOR,VIALE BRINDISI 13,Rimini,3,,5969,12.610063,44.039781
MARCONI,VIALE GUGLIELMO MARCONI 99,Riccione,3,,5955,12.621185,44.029568
MIRO',VIALE DON DOMENICO MASI 2,Riccione,2,,5955,12.620056,44.032203
VILLA MAURI,VIALE SAN SALVADOR 172,Bellaria-Igea Marina,2,,619,12.507201,44.111502
MARY FLEUR,VIALE BAINSIZZA 28,Rimini,2,,5969,12.543326,44.082146
DEAR,VIALE TRAPANI 6,Rimini,3,,5969,12.611399,44.038840
AMBASSADOR,VIALE REGINA ELENA 86,Rimini,4,,5969,12.596817,44.052992
TOURIST,VIALE VIAREGGIO 4 A,Riccione,1,,5955,12.613906,44.035311
LITZ,VIALE PILADE BRUNELLI 10,Rimini,3,,5969,12.523019,44.097667
ESPLANADE,VIALE TRAPANI 12,Rimini,3,,5969,12.610445,44.038261
MIRIAM,VIALE FRANCESCO DE PINEDO 5,Riccione,3,,5955,12.620754,44.031249
ALISEI PALACE,VIALE REGINA ELENA 52,Rimini,4,,5969,12.591917,44.057633
RED MOON,VIALE MARSALA 3,Riccione,1,,5955,12.617332,44.033994
SONNE,VIALE SIRTE 11,Bellaria-Igea Marina,2,,619,12.508974,44.108475
NORD EST,VIALE REGINA MARGHERITA 50,Rimini,3,,5969,12.614413,44.037563
GRAND HOTEL,VIALE GIOVANNI BATTISTA RAMUSIO 1,Rimini,5,,5969,12.576613,44.072603
