type,price,capacity,hotel_id
Standard Single,90,1,1
Standard Double,130,2,1
Family Triple,170,3,1
Standard Single,90,1,2
Standard Double,130,2,2
Family Triple,170,3,2
Standard Single,90,1,3
Standard Double,130,2,3
Family Triple,170,3,3
Standard Single,90,1,4
Standard Double,130,2,4
Family Triple,170,3,4
Standard Single,90,1,5
Standard Double,130,2,5
Family Triple,170,3,5
Standard Single,90,1,6
Standard Double,130,2,6
Family Triple,170,3,6
Standard Single,90,1,7
Standard Double,130,2,7
Family Triple,170,3,7
Standard Single,90,1,8
Standard Double,130,2,8
Family Triple,170,3,8
Standard Single,90,1,9
Standard Double,130,2,9
Family Triple,170,3,9
Standard Single,90,1,10
Standard Double,130,2,10
Family Triple,170,3,10
Standard Single,90,1,11
Standard Double,130,2,11
Family Triple,170,3,11
Economy Single,60,1,12
Standard Double,90,2,12
Standard Single,90,1,13
Standard Double,130,2,13
Family Triple,170,3,13
Economy Single,60,1,14
Standard Double,90,2,14
Superior Double,180,2,15
Deluxe Double,230,2,15
Junior Suite,290,3,15
Family Suite,360,4,15
Standard Single,75,1,16
Standard Double,110,2,16
Standard Single,90,1,17
Standard Double,130,2,17
Family Triple,170,3,17
Standard Single,90,1,18
Standard Double,130,2,18
Family Triple,170,3,18
Standard Single,90,1,19
Standard Double,130,2,19
Family Triple,170,3,19
Economy Single,60,1,20
Standard Double,90,2,20
Standard Single,75,1,21
Standard Double,110,2,21
Standard Single,90,1,22
Standard Double,130,2,22
Family Triple,170,3,22
Standard Single,75,1,23
Standard Double,110,2,23
Superior Double,180,2,24
Deluxe Double,230,2,24
Junior Suite,290,3,24
Family Suite,360,4,24
Standard Single,75,1,25
Standard Double,110,2,25
Standard Single,75,1,26
Standard Double,110,2,26
Standard Single,90,1,27
Standard Double,130,2,27
Family Triple,170,3,27
Standard Single,90,1,28
Standard Double,130,2,28
Family Triple,170,3,28
Standard Single,75,1,29
Standard Double,110,2,29
Standard Single,90,1,30
Standard Double,130,2,30
Family Triple,170,3,30
Standard Single,90,1,31
Standard Double,130,2,31
Family Triple,170,3,31
Standard Single,75,1,32
Standard Double,110,2,32
Standard Single,90,1,33
Standard Double,130,2,33
Family Triple,170,3,33
Standard Single,90,1,34
Standard Double,130,2,34
Family Triple,170,3,34
Standard Single,90,1,35
Standard Double,130,2,35
Family Triple,170,3,35
Standard Single,90,1,36
Standard Double,130,2,36
Family Triple,170,3,36
Standard Single,75,1,37
Standard Double,110,2,37
Standard Single,90,1,38
Standard Double,130,2,38
Family Triple,170,3,38
Standard Single,75,1,39
Standard Double,110,2,39
Standard Single,75,1,40
Standard Double,110,2,40
Standard Single,90,1,41
Standard Double,130,2,41
Family Triple,170,3,41
Standard Single,90,1,42
Standard Double,130,2,42
Family Triple,170,3,42
Standard Single,90,1,43
Standard Double,130,2,43
Family Triple,170,3,43
Standard Single,90,1,44
Standard Double,130,2,44
Family Triple,170,3,44
Standard Single,90,1,45
Standard Double,130,2,45
Family Triple,170,3,45
Standard Single,75,1,46
Standard Double,110,2,46
Standard Single,75,1,47
Standard Double,110,2,47
Standard Single,90,1,48
Standard Double,130,2,48
Family Triple,170,3,48
Standard Single,75,1,49
Standard Double,110,2,49
Standard Single,90,1,50
Standard Double,130,2,50
Family Triple,170,3,50
Standard Single,90,1,51
Standard Double,130,2,51
Family Triple,170,3,51
Superior Double,180,2,52
Deluxe Double,230,2,52
Junior Suite,290,3,52
Family Suite,360,4,52
Standard Single,90,1,53
Standard Double,130,2,53
Family Triple,170,3,53
Standard Single,75,1,54
Standard Double,110,2,54
Standard Single,75,1,55
Standard Double,110,2,55
Standard Single,90,1,56
Standard Double,130,2,56
Family Triple,170,3,56
Standard Single,90,1,57
Standard Double,130,2,57
Family Triple,170,3,57
Standard Single,75,1,58
Standard Double,110,2,58
Standard Single,90,1,59
Standard Double,130,2,59
Family Triple,170,3,59
Standard Single,90,1,60
Standard Double,130,2,60
Family Triple,170,3,60
Standard Single,90,1,61
Standard Double,130,2,61
Family Triple,170,3,61
Standard Single,90,1,62
Standard Double,130,2,62
Family Triple,170,3,62
Economy Single,60,1,63
Standard Double,90,2,63
Standard Single,90,1,64
Standard Double,130,2,64
Family Triple,170,3,64
Standard Single,90,1,65
Standard Double,130,2,65
Family Triple,170,3,65
Standard Single,75,1,66
Standard Double,110,2,66
Standard Single,75,1,67
Standard Double,110,2,67
Standard Single,90,1,68
Standard Double,130,2,68
Family Triple,170,3,68
Standard Single,90,1,69
Standard Double,130,2,69
Family Triple,170,3,69
Standard Single,75,1,70
Standard Double,110,2,70
Standard Single,90,1,71
Standard Double,130,2,71
Family Triple,170,3,71
Superior Double,180,2,72
Deluxe Double,230,2,72
Junior Suite,290,3,72
Family Suite,360,4,72
Standard Single,90,1,73
Standard Double,130,2,73
Family Triple,170,3,73
Standard Single,75,1,74
Standard Double,110,2,74
Standard Single,90,1,75
Standard Double,130,2,75
Family Triple,170,3,75
Standard Single,90,1,76
Standard Double,130,2,76
Family Triple,170,3,76
Standard Single,90,1,77
Standard Double,130,2,77
Family Triple,170,3,77
Standard Single,90,1,78
Standard Double,130,2,78
Family Triple,170,3,78
Standard Single,90,1,79
Standard Double,130,2,79
Family Triple,170,3,79
Standard Single,90,1,80
Standard Double,130,2,80
Family Triple,170,3,80
Standard Single,90,1,81
Standard Double,130,2,81
Family Triple,170,3,81
Standard Single,90,1,82
Standard Double,130,2,82
Family Triple,170,3,82
Standard Single,75,1,83
Standard Double,110,2,83
Standard Single,75,1,84
Standard Double,110,2,84
Standard Single,75,1,85
Standard Double,110,2,85
Standard Single,90,1,86
Standard Double,130,2,86
Family Triple,170,3,86
Superior Double,180,2,87
Deluxe Double,230,2,87
Junior Suite,290,3,87
Family Suite,360,4,87
Superior Double,180,2,88
Deluxe Double,230,2,88
Junior Suite,290,3,88
Family Suite,360,4,88
Standard Single,75,1,89
Standard Double,110,2,89
Standard Single,90,1,90
Standard Double,130,2,90
Family Triple,170,3,90
Standard Single,90,1,91
Standard Double,130,2,91
Family Triple,170,3,91
Superior Double,180,2,92
Deluxe Double,230,2,92
Junior Suite,290,3,92
Family Suite,360,4,92
Standard Single,90,1,93
Standard Double,130,2,93
Family Triple,170,3,93
Economy Single,60,1,94
Standard Double,90,2,94
Standard Single,90,1,95
Standard Double,130,2,95
Family Triple,170,3,95
Standard Single,90,1,96
Standard Double,130,2,96
Family Triple,170,3,96
Standard Single,90,1,97
Standard Double,130,2,97
Family Triple,170,3,97
Standard Single,75,1,98
Standard Double,110,2,98
Superior Double,180,2,99
Deluxe Double,230,2,99
Junior Suite,290,3,99
Family Suite,360,4,99
Standard Single,90,1,100
Standard Double,130,2,100
Family Triple,170,3,100
Standard Single,75,1,101
Standard Double,110,2,101
Standard Single,90,1,102
Standard Double,130,2,102
Family Triple,170,3,102
Standard Single,90,1,103
Standard Double,130,2,103
Family Triple,170,3,103
Standard Single,90,1,104
Standard Double,130,2,104
Family Triple,170,3,104
Standard Single,90,1,105
Standard Double,130,2,105
Family Triple,170,3,105
Standard Single,90,1,106
Standard Double,130,2,106
Family Triple,170,3,106
Standard Single,90,1,107
Standard Double,130,2,107
Family Triple,170,3,107
Standard Single,90,1,108
Standard Double,130,2,108
Family Triple,170,3,108
Standard Single,90,1,109
Standard Double,130,2,109
Family Triple,170,3,109
Standard Single,90,1,110
Standard Double,130,2,110
Family Triple,170,3,110
Economy Single,60,1,111
Standard Double,90,2,111
Economy Single,60,1,112
Standard Double,90,2,112
Standard Single,90,1,113
Standard Double,130,2,113
Family Triple,170,3,113
Superior Double,180,2,114
Deluxe Double,230,2,114
Junior Suite,290,3,114
Family Suite,360,4,114
Superior Double,180,2,115
Deluxe Double,230,2,115
Junior Suite,290,3,115
Family Suite,360,4,115
Standard Single,90,1,116
Standard Double,130,2,116
Family Triple,170,3,116
Standard Single,90,1,117
Standard Double,130,2,117
Family Triple,170,3,117
Standard Single,90,1,118
Standard Double,130,2,118
Family Triple,170,3,118
Economy Single,60,1,119
Standard Double,90,2,119
Standard Single,90,1,120
Standard Double,130,2,120
Family Triple,170,3,120
Standard Single,90,1,121
Standard Double,130,2,121
Family Triple,170,3,121
Standard Single,90,1,122
Standard Double,130,2,122
Family Triple,170,3,122
Standard Single,75,1,123
Standard Double,110,2,123
Economy Single,60,1,124
Standard Double,90,2,124
Superior Double,180,2,125
Deluxe Double,230,2,125
Junior Suite,290,3,125
Family Suite,360,4,125
Superior Double,180,2,126
Deluxe Double,230,2,126
Junior Suite,290,3,126
Family Suite,360,4,126
Standard Single,90,1,127
Standard Double,130,2,127
Family Triple,170,3,127
Standard Single,90,1,128
Standard Double,130,2,128
Family Triple,170,3,128
Standard Single,90,1,129
Standard Double,130,2,129
Family Triple,170,3,129
Standard Single,90,1,130
Standard Double,130,2,130
Family Triple,170,3,130
Economy Single,60,1,131
Standard Double,90,2,131
Standard Single,90,1,132
Standard Double,130,2,132
Family Triple,170,3,132
Standard Single,90,1,133
Standard Double,130,2,133
Family Triple,170,3,133
Superior Double,180,2,134
Deluxe Double,230,2,134
Junior Suite,290,3,134
Family Suite,360,4,134
Standard Single,90,1,135
Standard Double,130,2,135
Family Triple,170,3,135
Standard Single,90,1,136
Standard Double,130,2,136
Family Triple,170,3,136
Standard Single,90,1,137
Standard Double,130,2,137
Family Triple,170,3,137
Standard Single,90,1,138
Standard Double,130,2,138
Family Triple,170,3,138
Standard Single,90,1,139
Standard Double,130,2,139
Family Triple,170,3,139
Standard Single,90,1,140
Standard Double,130,2,140
Family Triple,170,3,140
Standard Single,90,1,141
Standard Double,130,2,141
Family Triple,170,3,141
Standard Single,90,1,142
Standard Double,130,2,142
Family Triple,170,3,142
Standard Single,90,1,143
Standard Double,130,2,143
Family Triple,170,3,143
Standard Single,90,1,144
Standard Double,130,2,144
Family Triple,170,3,144
Standard Single,90,1,145
Standard Double,130,2,145
Family Triple,170,3,145
Standard Single,90,1,146
Standard Double,130,2,146
Family Triple,170,3,146
Standard Single,90,1,147
Standard Double,130,2,147
Family Triple,170,3,147
Standard Single,75,1,148
Standard Double,110,2,148
Standard Single,90,1,149
Standard Double,130,2,149
Family Triple,170,3,149
Standard Single,75,1,150
Standard Double,110,2,150
Superior Double,180,2,151
Deluxe Double,230,2,151
Junior Suite,290,3,151
Family Suite,360,4,151
Standard Single,90,1,152
Standard Double,130,2,152
Family Triple,170,3,152
Standard Single,90,1,153
Standard Double,130,2,153
Family Triple,170,3,153
Standard Single,90,1,154
Standard Double,130,2,154
Family Triple,170,3,154
Economy Single,60,1,155
Standard Double,90,2,155
Superior Double,180,2,156
Deluxe Double,230,2,156
Junior Suite,290,3,156
Family Suite,360,4,156
Standard Single,90,1,157
Standard Double,130,2,157
Family Triple,170,3,157
Standard Single,90,1,158
Standard Double,130,2,158
Family Triple,170,3,158
Superior Double,180,2,159
Deluxe Double,230,2,159
Junior Suite,290,3,159
Family Suite,360,4,159
Economy Single,60,1,160
Standard Double,90,2,160
Standard Single,90,1,161
Standard Double,130,2,161
Family Triple,170,3,161
Standard Single,90,1,162
Standard Double,130,2,162
Family Triple,170,3,162
Standard Single,75,1,163
Standard Double,110,2,163
Standard Single,90,1,164
Standard Double,130,2,164
Family Triple,170,3,164
Standard Single,90,1,165
Standard Double,130,2,165
Family Triple,170,3,165
Superior Double,180,2,166
Deluxe Double,230,2,166
Junior Suite,290,3,166
Family Suite,360,4,166
Economy Single,60,1,167
Standard Double,90,2,167
Standard Single,75,1,168
Standard Double,110,2,168
Standard Single,90,1,169
Standard Double,130,2,169
Family Triple,170,3,169
Standard Single,90,1,170
Standard Double,130,2,170
Family Triple,170,3,170
Standard Single,75,1,171
Standard Double,110,2,171
Standard Single,90,1,172
Standard Double,130,2,172
Family Triple,170,3,172
Standard Single,90,1,173
Standard Double,130,2,173
Family Triple,170,3,173
Standard Single,90,1,174
Standard Double,130,2,174
Family Triple,170,3,174
Standard Single,90,1,175
Standard Double,130,2,175
Family Triple,170,3,175
Standard Single,75,1,176
Standard Double,110,2,176
Standard Single,90,1,177
Standard Double,130,2,177
Family Triple,170,3,177
Standard Single,90,1,178
Standard Double,130,2,178
Family Triple,170,3,178
Standard Single,75,1,179
Standard Double,110,2,179
Standard Single,90,1,180
Standard Double,130,2,180
Family Triple,170,3,180
Standard Single,90,1,181
Standard Double,130,2,181
Family Triple,170,3,181
Standard Single,90,1,182
Standard Double,130,2,182
Family Triple,170,3,182
Standard Single,75,1,183
Standard Double,110,2,183
Standard Single,90,1,184
Standard Double,130,2,184
Family Triple,170,3,184
Standard Single,90,1,185
Standard Double,130,2,185
Family Triple,170,3,185
Standard Single,90,1,186
Standard Double,130,2,186
Family Triple,170,3,186
Standard Single,90,1,187
Standard Double,130,2,187
Family Triple,170,3,187
Standard Single,90,1,188
Standard Double,130,2,188
Family Triple,170,3,188
Standard Single,75,1,189
Standard Double,110,2,189
Standard Single,75,1,190
Standard Double,110,2,190
Standard Single,90,1,191
Standard Double,130,2,191
Family Triple,170,3,191
Standard Single,75,1,192
Standard Double,110,2,192
Standard Single,75,1,193
Standard Double,110,2,193
Standard Single,90,1,194
Standard Double,130,2,194
Family Triple,170,3,194
Standard Single,90,1,195
Standard Double,130,2,195
Family Triple,170,3,195
Standard Single,75,1,196
Standard Double,110,2,196
Standard Single,90,1,197
Standard Double,130,2,197
Family Triple,170,3,197
Standard Single,90,1,198
Standard Double,130,2,198
Family Triple,170,3,198
Standard Single,90,1,199
Standard Double,130,2,199
Family Triple,170,3,199
Standard Single,90,1,200
Standard Double,130,2,200
Family Triple,170,3,200
Standard Single,90,1,201
Standard Double,130,2,201
Family Triple,170,3,201
Standard Single,90,1,202
Standard Double,130,2,202
Family Triple,170,3,202
Standard Single,90,1,203
Standard Double,130,2,203
Family Triple,170,3,203
Standard Single,90,1,204
Standard Double,130,2,204
Family Triple,170,3,204
Standard Single,90,1,205
Standard Double,130,2,205
Family Triple,170,3,205
Standard Single,90,1,206
Standard Double,130,2,206
Family Triple,170,3,206
Standard Single,90,1,207
Standard Double,130,2,207
Family Triple,170,3,207
Superior Double,180,2,208
Deluxe Double,230,2,208
Junior Suite,290,3,208
Family Suite,360,4,208
Standard Single,90,1,209
Standard Double,130,2,209
Family Triple,170,3,209
Superior Double,180,2,210
Deluxe Double,230,2,210
Junior Suite,290,3,210
Family Suite,360,4,210
Standard Single,90,1,211
Standard Double,130,2,211
Family Triple,170,3,211
Standard Single,75,1,212
Standard Double,110,2,212
Standard Single,90,1,213
Standard Double,130,2,213
Family Triple,170,3,213
Standard Single,75,1,214
Standard Double,110,2,214
Standard Single,90,1,215
Standard Double,130,2,215
Family Triple,170,3,215
Standard Single,90,1,216
Standard Double,130,2,216
Family Triple,170,3,216
Standard Single,75,1,217
Standard Double,110,2,217
Standard Single,75,1,218
Standard Double,110,2,218
Standard Single,75,1,219
Standard Double,110,2,219
Standard Single,90,1,220
Standard Double,130,2,220
Family Triple,170,3,220
Standard Single,75,1,221
Standard Double,110,2,221
Standard Single,90,1,222
Standard Double,130,2,222
Family Triple,170,3,222
Standard Single,90,1,223
Standard Double,130,2,223
Family Triple,170,3,223
Standard Single,90,1,224
Standard Double,130,2,224
Family Triple,170,3,224
Standard Single,90,1,225
Standard Double,130,2,225
Family Triple,170,3,225
Standard Single,75,1,226
Standard Double,110,2,226
Standard Single,90,1,227
Standard Double,130,2,227
Family Triple,170,3,227
Superior Double,180,2,228
Deluxe Double,230,2,228
Junior Suite,290,3,228
Family Suite,360,4,228
Economy Single,60,1,229
Standard Double,90,2,229
Superior Double,180,2,230
Deluxe Double,230,2,230
Junior Suite,290,3,230
Family Suite,360,4,230
Standard Single,75,1,231
Standard Double,110,2,231
Standard Single,90,1,232
Standard Double,130,2,232
Family Triple,170,3,232
Standard Single,90,1,233
Standard Double,130,2,233
Family Triple,170,3,233
Standard Single,75,1,234
Standard Double,110,2,234
Superior Double,180,2,235
Deluxe Double,230,2,235
Junior Suite,290,3,235
Family Suite,360,4,235
Standard Single,90,1,236
Standard Double,130,2,236
Family Triple,170,3,236
Standard Single,90,1,237
Standard Double,130,2,237
Family Triple,170,3,237
Standard Single,75,1,238
Standard Double,110,2,238
Standard Single,75,1,239
Standard Double,110,2,239
Standard Single,90,1,240
Standard Double,130,2,240
Family Triple,170,3,240
Standard Single,75,1,241
Standard Double,110,2,241
Standard Single,90,1,242
Standard Double,130,2,242
Family Triple,170,3,242
Standard Single,90,1,243
Standard Double,130,2,243
Family Triple,170,3,243
Standard Single,90,1,244
Standard Double,130,2,244
Family Triple,170,3,244
Standard Single,75,1,245
Standard Double,110,2,245
Standard Single,90,1,246
Standard Double,130,2,246
Family Triple,170,3,246
Standard Single,75,1,247
Standard Double,110,2,247
Superior Double,180,2,248
Deluxe Double,230,2,248
Junior Suite,290,3,248
Family Suite,360,4,248
Standard Single,90,1,249
Standard Double,130,2,249
Family Triple,170,3,249
Economy Single,60,1,250
Standard Double,90,2,250
Superior Double,180,2,251
Deluxe Double,230,2,251
Junior Suite,290,3,251
Family Suite,360,4,251
Standard Single,90,1,252
Standard Double,130,2,252
Family Triple,170,3,252
Standard Single,90,1,253
Standard Double,130,2,253
Family Triple,170,3,253
Standard Single,90,1,254
Standard Double,130,2,254
Family Triple,170,3,254
Standard Single,75,1,255
Standard Double,110,2,255
Standard Single,90,1,256
Standard Double,130,2,256
Family Triple,170,3,256
Standard Single,75,1,257
Standard Double,110,2,257
Standard Single,90,1,258
Standard Double,130,2,258
Family Triple,170,3,258
Standard Single,90,1,259
Standard Double,130,2,259
Family Triple,170,3,259
Standard Single,75,1,260
Standard Double,110,2,260
Standard Single,90,1,261
Standard Double,130,2,261
Family Triple,170,3,261
Standard Single,75,1,262
Standard Double,110,2,262
Standard Single,90,1,263
Standard Double,130,2,263
Family Triple,170,3,263
Standard Single,90,1,264
Standard Double,130,2,264
Family Triple,170,3,264
Standard Single,90,1,265
Standard Double,130,2,265
Family Triple,170,3,265
Standard Single,75,1,266
Standard Double,110,2,266
Standard Single,90,1,267
Standard Double,130,2,267
Family Triple,170,3,267
Standard Single,90,1,268
Standard Double,130,2,268
Family Triple,170,3,268
Standard Single,90,1,269
Standard Double,130,2,269
Family Triple,170,3,269
Standard Single,90,1,270
Standard Double,130,2,270
Family Triple,170,3,270
Standard Single,90,1,271
Standard Double,130,2,271
Family Triple,170,3,271
Standard Single,90,1,272
Standard Double,130,2,272
Family Triple,170,3,272
Standard Single,90,1,273
Standard Double,130,2,273
Family Triple,170,3,273
Standard Single,90,1,274
Standard Double,130,2,274
Family Triple,170,3,274
Standard Single,75,1,275
Standard Double,110,2,275
Standard Single,90,1,276
Standard Double,130,2,276
Family Triple,170,3,276
Standard Single,75,1,277
Standard Double,110,2,277
Standard Single,90,1,278
Standard Double,130,2,278
Family Triple,170,3,278
Standard Single,90,1,279
Standard Double,130,2,279
Family Triple,170,3,279
Standard Single,75,1,280
Standard Double,110,2,280
Standard Single,90,1,281
Standard Double,130,2,281
Family Triple,170,3,281
Standard Single,90,1,282
Standard Double,130,2,282
Family Triple,170,3,282
Superior Double,180,2,283
Deluxe Double,230,2,283
Junior Suite,290,3,283
Family Suite,360,4,283
Standard Single,90,1,284
Standard Double,130,2,284
Family Triple,170,3,284
Standard Single,90,1,285
Standard Double,130,2,285
Family Triple,170,3,285
Economy Single,60,1,286
Standard Double,90,2,286
Standard Single,90,1,287
Standard Double,130,2,287
Family Triple,170,3,287
Standard Single,75,1,288
Standard Double,110,2,288
Standard Single,90,1,289
Standard Double,130,2,289
Family Triple,170,3,289
Superior Double,180,2,290
Deluxe Double,230,2,290
Junior Suite,290,3,290
Family Suite,360,4,290
Standard Single,75,1,291
Standard Double,110,2,291
Standard Single,90,1,292
Standard Double,130,2,292
Family Triple,170,3,292
Standard Single,90,1,293
Standard Double,130,2,293
Family Triple,170,3,293
Standard Single,90,1,294
Standard Double,130,2,294
Family Triple,170,3,294
Standard Single,75,1,295
Standard Double,110,2,295
Standard Single,90,1,296
Standard Double,130,2,296
Family Triple,170,3,296
Standard Single,90,1,297
Standard Double,130,2,297
Family Triple,170,3,297
Standard Single,90,1,298
Standard Double,130,2,298
Family Triple,170,3,298
Economy Single,60,1,299
Standard Double,90,2,299
Superior Double,180,2,300
Deluxe Double,230,2,300
Junior Suite,290,3,300
Family Suite,360,4,300
Standard Single,90,1,301
Standard Double,130,2,301
Family Triple,170,3,301
Standard Single,75,1,302
Standard Double,110,2,302
Standard Single,75,1,303
Standard Double,110,2,303
Standard Single,90,1,304
Standard Double,130,2,304
Family Triple,170,3,304
Standard Single,90,1,305
Standard Double,130,2,305
Family Triple,170,3,305
Standard Single,90,1,306
Standard Double,130,2,306
Family Triple,170,3,306
Standard Single,90,1,307
Standard Double,130,2,307
Family Triple,170,3,307
Standard Single,90,1,308
Standard Double,130,2,308
Family Triple,170,3,308
Standard Single,75,1,309
Standard Double,110,2,309
Standard Single,90,1,310
Standard Double,130,2,310
Family Triple,170,3,310
Standard Single,75,1,311
Standard Double,110,2,311
Standard Single,90,1,312
Standard Double,130,2,312
Family Triple,170,3,312
Standard Single,90,1,313
Standard Double,130,2,313
Family Triple,170,3,313
Standard Single,90,1,314
Standard Double,130,2,314
Family Triple,170,3,314
Superior Double,180,2,315
Deluxe Double,230,2,315
Junior Suite,290,3,315
Family Suite,360,4,315
Standard Single,90,1,316
Standard Double,130,2,316
Family Triple,170,3,316
Standard Single,90,1,317
Standard Double,130,2,317
Family Triple,170,3,317
Standard Single,90,1,318
Standard Double,130,2,318
Family Triple,170,3,318
Standard Single,75,1,319
Standard Double,110,2,319
Standard Single,75,1,320
Standard Double,110,2,320
Standard Single,90,1,321
Standard Double,130,2,321
Family Triple,170,3,321
Standard Single,75,1,322
Standard Double,110,2,322
Standard Single,90,1,323
Standard Double,130,2,323
Family Triple,170,3,323
Standard Single,90,1,324
Standard Double,130,2,324
Family Triple,170,3,324
Economy Single,55,1,325
Standard Double,85,2,325
Economy Single,55,1,326
Standard Double,85,2,326
Standard Single,75,1,327
Standard Double,110,2,327
Standard Single,90,1,328
Standard Double,130,2,328
Family Triple,170,3,328
Standard Single,90,1,329
Standard Double,130,2,329
Family Triple,170,3,329
Standard Single,90,1,330
Standard Double,130,2,330
Family Triple,170,3,330
Standard Single,75,1,331
Standard Double,110,2,331
Standard Single,75,1,332
Standard Double,110,2,332
Standard Single,90,1,333
Standard Double,130,2,333
Family Triple,170,3,333
Standard Single,90,1,334
Standard Double,130,2,334
Family Triple,170,3,334
Standard Single,90,1,335
Standard Double,130,2,335
Family Triple,170,3,335
Economy Single,60,1,336
Standard Double,90,2,336
Standard Single,90,1,337
Standard Double,130,2,337
Family Triple,170,3,337
Standard Single,90,1,338
Standard Double,130,2,338
Family Triple,170,3,338
Standard Single,90,1,339
Standard Double,130,2,339
Family Triple,170,3,339
Superior Double,180,2,340
Deluxe Double,230,2,340
Junior Suite,290,3,340
Family Suite,360,4,340
Standard Single,90,1,341
Standard Double,130,2,341
Family Triple,170,3,341
Standard Single,90,1,342
Standard Double,130,2,342
Family Triple,170,3,342
Superior Double,180,2,343
Deluxe Double,230,2,343
Junior Suite,290,3,343
Family Suite,360,4,343
Standard Single,75,1,344
Standard Double,110,2,344
Economy Single,60,1,345
Standard Double,90,2,345
Standard Single,90,1,346
Standard Double,130,2,346
Family Triple,170,3,346
Standard Single,90,1,347
Standard Double,130,2,347
Family Triple,170,3,347
Standard Single,75,1,348
Standard Double,110,2,348
Economy Single,60,1,349
Standard Double,90,2,349
Standard Single,90,1,350
Standard Double,130,2,350
Family Triple,170,3,350
Standard Single,90,1,351
Standard Double,130,2,351
Family Triple,170,3,351
Standard Single,75,1,352
Standard Double,110,2,352
Superior Double,180,2,353
Deluxe Double,230,2,353
Junior Suite,290,3,353
Family Suite,360,4,353
Standard Single,90,1,354
Standard Double,130,2,354
Family Triple,170,3,354
Standard Single,90,1,355
Standard Double,130,2,355
Family Triple,170,3,355
Standard Single,90,1,356
Standard Double,130,2,356
Family Triple,170,3,356
Standard Single,90,1,357
Standard Double,130,2,357
Family Triple,170,3,357
Standard Single,90,1,358
Standard Double,130,2,358
Family Triple,170,3,358
Standard Single,75,1,359
Standard Double,110,2,359
Economy Single,60,1,360
Standard Double,90,2,360
Standard Single,90,1,361
Standard Double,130,2,361
Family Triple,170,3,361
Standard Single,75,1,362
Standard Double,110,2,362
Economy Single,60,1,363
Standard Double,90,2,363
Standard Single,90,1,364
Standard Double,130,2,364
Family Triple,170,3,364
Superior Double,180,2,365
Deluxe Double,230,2,365
Junior Suite,290,3,365
Family Suite,360,4,365
Economy Single,60,1,366
Standard Double,90,2,366
Standard Single,75,1,367
Standard Double,110,2,367
Standard Single,75,1,368
Standard Double,110,2,368
Standard Single,75,1,369
Standard Double,110,2,369
Standard Single,90,1,370
Standard Double,130,2,370
Family Triple,170,3,370
Standard Single,75,1,371
Standard Double,110,2,371
Economy Single,60,1,372
Standard Double,90,2,372
Standard Single,90,1,373
Standard Double,130,2,373
Family Triple,170,3,373
Economy Single,60,1,374
Standard Double,90,2,374
Standard Single,90,1,375
Standard Double,130,2,375
Family Triple,170,3,375
Superior Double,180,2,376
Deluxe Double,230,2,376
Junior Suite,290,3,376
Family Suite,360,4,376
Superior Double,180,2,377
Deluxe Double,230,2,377
Junior Suite,290,3,377
Family Suite,360,4,377
Standard Single,90,1,378
Standard Double,130,2,378
Family Triple,170,3,378
Standard Single,75,1,379
Standard Double,110,2,379
Economy Single,60,1,380
Standard Double,90,2,380
Standard Single,90,1,381
Standard Double,130,2,381
Family Triple,170,3,381
Standard Single,90,1,382
Standard Double,130,2,382
Family Triple,170,3,382
Standard Single,75,1,383
Standard Double,110,2,383
Standard Single,75,1,384
Standard Double,110,2,384
Standard Single,90,1,385
Standard Double,130,2,385
Family Triple,170,3,385
Standard Single,90,1,386
Standard Double,130,2,386
Family Triple,170,3,386
Standard Single,90,1,387
Standard Double,130,2,387
Family Triple,170,3,387
Standard Single,75,1,388
Standard Double,110,2,388
Standard Single,90,1,389
Standard Double,130,2,389
Family Triple,170,3,389
Standard Single,90,1,390
Standard Double,130,2,390
Family Triple,170,3,390
Superior Double,180,2,391
Deluxe Double,230,2,391
Junior Suite,290,3,391
Family Suite,360,4,391
Standard Single,90,1,392
Standard Double,130,2,392
Family Triple,170,3,392
Standard Single,90,1,393
Standard Double,130,2,393
Family Triple,170,3,393
Standard Single,75,1,394
Standard Double,110,2,394
Standard Single,90,1,395
Standard Double,130,2,395
Family Triple,170,3,395
Standard Single,90,1,396
Standard Double,130,2,396
Family Triple,170,3,396
Standard Single,75,1,397
Standard Double,110,2,397
Standard Single,90,1,398
Standard Double,130,2,398
Family Triple,170,3,398
Standard Single,90,1,399
Standard Double,130,2,399
Family Triple,170,3,399
Standard Single,90,1,400
Standard Double,130,2,400
Family Triple,170,3,400
Standard Single,90,1,401
Standard Double,130,2,401
Family Triple,170,3,401
Standard Single,90,1,402
Standard Double,130,2,402
Family Triple,170,3,402
Economy Single,60,1,403
Standard Double,90,2,403
Standard Single,75,1,404
Standard Double,110,2,404
Standard Single,90,1,405
Standard Double,130,2,405
Family Triple,170,3,405
Standard Single,90,1,406
Standard Double,130,2,406
Family Triple,170,3,406
Standard Single,75,1,407
Standard Double,110,2,407
Standard Single,90,1,408
Standard Double,130,2,408
Family Triple,170,3,408
Standard Single,90,1,409
Standard Double,130,2,409
Family Triple,170,3,409
Standard Single,90,1,410
Standard Double,130,2,410
Family Triple,170,3,410
Standard Single,75,1,411
Standard Double,110,2,411
Standard Single,90,1,412
Standard Double,130,2,412
Family Triple,170,3,412
Economy Single,60,1,413
Standard Double,90,2,413
Standard Single,90,1,414
Standard Double,130,2,414
Family Triple,170,3,414
Standard Single,90,1,415
Standard Double,130,2,415
Family Triple,170,3,415
Standard Single,90,1,416
Standard Double,130,2,416
Family Triple,170,3,416
Standard Single,90,1,417
Standard Double,130,2,417
Family Triple,170,3,417
Standard Single,90,1,418
Standard Double,130,2,418
Family Triple,170,3,418
Standard Single,90,1,419
Standard Double,130,2,419
Family Triple,170,3,419
Standard Single,90,1,420
Standard Double,130,2,420
Family Triple,170,3,420
Economy Single,60,1,421
Standard Double,90,2,421
Standard Single,90,1,422
Standard Double,130,2,422
Family Triple,170,3,422
Standard Single,90,1,423
Standard Double,130,2,423
Family Triple,170,3,423
Standard Single,75,1,424
Standard Double,110,2,424
Standard Single,90,1,425
Standard Double,130,2,425
Family Triple,170,3,425
Standard Single,90,1,426
Standard Double,130,2,426
Family Triple,170,3,426
Standard Single,75,1,427
Standard Double,110,2,427
Superior Double,180,2,428
Deluxe Double,230,2,428
Junior Suite,290,3,428
Family Suite,360,4,428
Superior Double,180,2,429
Deluxe Double,230,2,429
Junior Suite,290,3,429
Family Suite,360,4,429
Economy Single,60,1,430
Standard Double,90,2,430
Standard Single,90,1,431
Standard Double,130,2,431
Family Triple,170,3,431
Standard Single,90,1,432
Standard Double,130,2,432
Family Triple,170,3,432
Standard Single,90,1,433
Standard Double,130,2,433
Family Triple,170,3,433
Standard Single,90,1,434
Standard Double,130,2,434
Family Triple,170,3,434
Superior Double,180,2,435
Deluxe Double,230,2,435
Junior Suite,290,3,435
Family Suite,360,4,435
Standard Single,75,1,436
Standard Double,110,2,436
Standard Single,90,1,437
Standard Double,130,2,437
Family Triple,170,3,437
Standard Single,90,1,438
Standard Double,130,2,438
Family Triple,170,3,438
Standard Single,90,1,439
Standard Double,130,2,439
Family Triple,170,3,439
Standard Single,90,1,440
Standard Double,130,2,440
Family Triple,170,3,440
Economy Single,60,1,441
Standard Double,90,2,441
Standard Single,90,1,442
Standard Double,130,2,442
Family Triple,170,3,442
Standard Single,90,1,443
Standard Double,130,2,443
Family Triple,170,3,443
Superior Double,180,2,444
Deluxe Double,230,2,444
Junior Suite,290,3,444
Family Suite,360,4,444
Standard Single,90,1,445
Standard Double,130,2,445
Family Triple,170,3,445
Standard Single,75,1,446
Standard Double,110,2,446
Standard Single,90,1,447
Standard Double,130,2,447
Family Triple,170,3,447
Standard Single,75,1,448
Standard Double,110,2,448
Standard Single,90,1,449
Standard Double,130,2,449
Family Triple,170,3,449
Standard Single,90,1,450
Standard Double,130,2,450
Family Triple,170,3,450
Standard Single,90,1,451
Standard Double,130,2,451
Family Triple,170,3,451
Standard Single,75,1,452
Standard Double,110,2,452
Standard Single,90,1,453
Standard Double,130,2,453
Family Triple,170,3,453
Economy Single,60,1,454
Standard Double,90,2,454
Standard Single,90,1,455
Standard Double,130,2,455
Family Triple,170,3,455
Standard Single,75,1,456
Standard Double,110,2,456
Standard Single,90,1,457
Standard Double,130,2,457
Family Triple,170,3,457
Superior Double,180,2,458
Deluxe Double,230,2,458
Junior Suite,290,3,458
Family Suite,360,4,458
Standard Single,90,1,459
Standard Double,130,2,459
Family Triple,170,3,459
Standard Single,90,1,460
Standard Double,130,2,460
Family Triple,170,3,460
Standard Single,90,1,461
Standard Double,130,2,461
Family Triple,170,3,461
Standard Single,90,1,462
Standard Double,130,2,462
Family Triple,170,3,462
Standard Single,90,1,463
Standard Double,130,2,463
Family Triple,170,3,463
Standard Single,90,1,464
Standard Double,130,2,464
Family Triple,170,3,464
Standard Single,75,1,465
Standard Double,110,2,465
Superior Double,180,2,466
Deluxe Double,230,2,466
Junior Suite,290,3,466
Family Suite,360,4,466
Superior Double,180,2,467
Deluxe Double,230,2,467
Junior Suite,290,3,467
Family Suite,360,4,467
Standard Single,90,1,468
Standard Double,130,2,468
Family Triple,170,3,468
Standard Single,90,1,469
Standard Double,130,2,469
Family Triple,170,3,469
Economy Single,60,1,470
Standard Double,90,2,470
Standard Single,90,1,471
Standard Double,130,2,471
Family Triple,170,3,471
Standard Single,90,1,472
Standard Double,130,2,472
Family Triple,170,3,472
Standard Single,90,1,473
Standard Double,130,2,473
Family Triple,170,3,473
Superior Double,180,2,474
Deluxe Double,230,2,474
Junior Suite,290,3,474
Family Suite,360,4,474
Standard Single,75,1,475
Standard Double,110,2,475
Standard Single,90,1,476
Standard Double,130,2,476
Family Triple,170,3,476
Standard Single,90,1,477
Standard Double,130,2,477
Family Triple,170,3,477
Superior Double,180,2,478
Deluxe Double,230,2,478
Junior Suite,290,3,478
Family Suite,360,4,478
Superior Double,180,2,479
Deluxe Double,230,2,479
Junior Suite,290,3,479
Family Suite,360,4,479
Economy Single,60,1,480
Standard Double,90,2,480
Standard Single,90,1,481
Standard Double,130,2,481
Family Triple,170,3,481
Standard Single,75,1,482
Standard Double,110,2,482
Standard Single,75,1,483
Standard Double,110,2,483
Standard Single,75,1,484
Standard Double,110,2,484
Standard Single,90,1,485
Standard Double,130,2,485
Family Triple,170,3,485
Standard Single,75,1,486
Standard Double,110,2,486
Standard Single,90,1,487
Standard Double,130,2,487
Family Triple,170,3,487
Standard Single,90,1,488
Standard Double,130,2,488
Family Triple,170,3,488
Standard Single,90,1,489
Standard Double,130,2,489
Family Triple,170,3,489
Standard Single,90,1,490
Standard Double,130,2,490
Family Triple,170,3,490
Standard Single,90,1,491
Standard Double,130,2,491
Family Triple,170,3,491
Superior Double,180,2,492
Deluxe Double,230,2,492
Junior Suite,290,3,492
Family Suite,360,4,492
Standard Single,90,1,493
Standard Double,130,2,493
Family Triple,170,3,493
Standard Single,90,1,494
Standard Double,130,2,494
Family Triple,170,3,494
Superior Double,180,2,495
Deluxe Double,230,2,495
Junior Suite,290,3,495
Family Suite,360,4,495
Standard Single,90,1,496
Standard Double,130,2,496
Family Triple,170,3,496
Standard Single,90,1,497
Standard Double,130,2,497
Family Triple,170,3,497
Superior Double,180,2,498
Deluxe Double,230,2,498
Junior Suite,290,3,498
Family Suite,360,4,498
Economy Single,60,1,499
Standard Double,90,2,499
Standard Single,90,1,500
Standard Double,130,2,500
Family Triple,170,3,500
Standard Single,90,1,501
Standard Double,130,2,501
Family Triple,170,3,501
Standard Single,90,1,502
Standard Double,130,2,502
Family Triple,170,3,502
Superior Double,180,2,503
Deluxe Double,230,2,503
Junior Suite,290,3,503
Family Suite,360,4,503
Standard Single,90,1,504
Standard Double,130,2,504
Family Triple,170,3,504
Standard Single,90,1,505
Standard Double,130,2,505
Family Triple,170,3,505
Standard Single,90,1,506
Standard Double,130,2,506
Family Triple,170,3,506
Standard Single,90,1,507
Standard Double,130,2,507
Family Triple,170,3,507
Standard Single,90,1,508
Standard Double,130,2,508
Family Triple,170,3,508
Superior Double,180,2,509
Deluxe Double,230,2,509
Junior Suite,290,3,509
Family Suite,360,4,509
Standard Single,90,1,510
Standard Double,130,2,510
Family Triple,170,3,510
Standard Single,90,1,511
Standard Double,130,2,511
Family Triple,170,3,511
Standard Single,90,1,512
Standard Double,130,2,512
Family Triple,170,3,512
Standard Single,90,1,513
Standard Double,130,2,513
Family Triple,170,3,513
Standard Single,90,1,514
Standard Double,130,2,514
Family Triple,170,3,514
Standard Single,90,1,515
Standard Double,130,2,515
Family Triple,170,3,515
Standard Single,90,1,516
Standard Double,130,2,516
Family Triple,170,3,516
Standard Single,75,1,517
Standard Double,110,2,517
Standard Single,90,1,518
Standard Double,130,2,518
Family Triple,170,3,518
Standard Single,90,1,519
Standard Double,130,2,519
Family Triple,170,3,519
Standard Single,90,1,520
Standard Double,130,2,520
Family Triple,170,3,520
Superior Double,180,2,521
Deluxe Double,230,2,521
Junior Suite,290,3,521
Family Suite,360,4,521
Superior Double,180,2,522
Deluxe Double,230,2,522
Junior Suite,290,3,522
Family Suite,360,4,522
Superior Double,180,2,523
Deluxe Double,230,2,523
Junior Suite,290,3,523
Family Suite,360,4,523
Superior Double,180,2,524
Deluxe Double,230,2,524
Junior Suite,290,3,524
Family Suite,360,4,524
Standard Single,90,1,525
Standard Double,130,2,525
Family Triple,170,3,525
Standard Single,90,1,526
Standard Double,130,2,526
Family Triple,170,3,526
Standard Single,75,1,527
Standard Double,110,2,527
Standard Single,90,1,528
Standard Double,130,2,528
Family Triple,170,3,528
Standard Single,90,1,529
Standard Double,130,2,529
Family Triple,170,3,529
Economy Single,60,1,530
Standard Double,90,2,530
Superior Double,180,2,531
Deluxe Double,230,2,531
Junior Suite,290,3,531
Family Suite,360,4,531
Standard Single,90,1,532
Standard Double,130,2,532
Family Triple,170,3,532
Standard Single,90,1,533
Standard Double,130,2,533
Family Triple,170,3,533
Standard Single,90,1,534
Standard Double,130,2,534
Family Triple,170,3,534
Standard Single,90,1,535
Standard Double,130,2,535
Family Triple,170,3,535
Standard Single,90,1,536
Standard Double,130,2,536
Family Triple,170,3,536
Standard Single,90,1,537
Standard Double,130,2,537
Family Triple,170,3,537
Standard Single,75,1,538
Standard Double,110,2,538
Standard Single,90,1,539
Standard Double,130,2,539
Family Triple,170,3,539
Standard Single,75,1,540
Standard Double,110,2,540
Standard Single,75,1,541
Standard Double,110,2,541
Standard Single,90,1,542
Standard Double,130,2,542
Family Triple,170,3,542
Superior Double,180,2,543
Deluxe Double,230,2,543
Junior Suite,290,3,543
Family Suite,360,4,543
Standard Single,90,1,544
Standard Double,130,2,544
Family Triple,170,3,544
Standard Single,90,1,545
Standard Double,130,2,545
Family Triple,170,3,545
Standard Single,90,1,546
Standard Double,130,2,546
Family Triple,170,3,546
Standard Single,90,1,547
Standard Double,130,2,547
Family Triple,170,3,547
Standard Single,90,1,548
Standard Double,130,2,548
Family Triple,170,3,548
Standard Single,90,1,549
Standard Double,130,2,549
Family Triple,170,3,549
Economy Single,60,1,550
Standard Double,90,2,550
Standard Single,75,1,551
Standard Double,110,2,551
Standard Single,90,1,552
Standard Double,130,2,552
Family Triple,170,3,552
Standard Single,90,1,553
Standard Double,130,2,553
Family Triple,170,3,553
Standard Single,90,1,554
Standard Double,130,2,554
Family Triple,170,3,554
Standard Single,75,1,555
Standard Double,110,2,555
Standard Single,75,1,556
Standard Double,110,2,556
Standard Single,90,1,557
Standard Double,130,2,557
Family Triple,170,3,557
Standard Single,75,1,558
Standard Double,110,2,558
Superior Double,180,2,559
Deluxe Double,230,2,559
Junior Suite,290,3,559
Family Suite,360,4,559
Standard Single,90,1,560
Standard Double,130,2,560
Family Triple,170,3,560
Standard Single,90,1,561
Standard Double,130,2,561
Family Triple,170,3,561
Standard Single,75,1,562
Standard Double,110,2,562
Standard Single,90,1,563
Standard Double,130,2,563
Family Triple,170,3,563
Economy Single,60,1,564
Standard Double,90,2,564
Standard Single,90,1,565
Standard Double,130,2,565
Family Triple,170,3,565
Standard Single,75,1,566
Standard Double,110,2,566
Standard Single,90,1,567
Standard Double,130,2,567
Family Triple,170,3,567
Standard Single,90,1,568
Standard Double,130,2,568
Family Triple,170,3,568
Standard Single,90,1,569
Standard Double,130,2,569
Family Triple,170,3,569
Standard Single,75,1,570
Standard Double,110,2,570
Standard Single,90,1,571
Standard Double,130,2,571
Family Triple,170,3,571
Standard Single,90,1,572
Standard Double,130,2,572
Family Triple,170,3,572
Economy Single,60,1,573
Standard Double,90,2,573
Superior Double,180,2,574
Deluxe Double,230,2,574
Junior Suite,290,3,574
Family Suite,360,4,574
Standard Single,90,1,575
Standard Double,130,2,575
Family Triple,170,3,575
Standard Single,90,1,576
Standard Double,130,2,576
Family Triple,170,3,576
Superior Double,180,2,577
Deluxe Double,230,2,577
Junior Suite,290,3,577
Family Suite,360,4,577
Standard Single,90,1,578
Standard Double,130,2,578
Family Triple,170,3,578
Standard Single,75,1,579
Standard Double,110,2,579
Standard Single,90,1,580
Standard Double,130,2,580
Family Triple,170,3,580
Standard Single,90,1,581
Standard Double,130,2,581
Family Triple,170,3,581
Economy Single,60,1,582
Standard Double,90,2,582
Standard Single,90,1,583
Standard Double,130,2,583
Family Triple,170,3,583
Economy Single,60,1,584
Standard Double,90,2,584
Standard Single,90,1,585
Standard Double,130,2,585
Family Triple,170,3,585
Standard Single,75,1,586
Standard Double,110,2,586
Standard Single,90,1,587
Standard Double,130,2,587
Family Triple,170,3,587
Standard Single,90,1,588
Standard Double,130,2,588
Family Triple,170,3,588
Superior Double,180,2,589
Deluxe Double,230,2,589
Junior Suite,290,3,589
Family Suite,360,4,589
Standard Single,75,1,590
Standard Double,110,2,590
Standard Single,90,1,591
Standard Double,130,2,591
Family Triple,170,3,591
Standard Single,90,1,592
Standard Double,130,2,592
Family Triple,170,3,592
Standard Single,90,1,593
Standard Double,130,2,593
Family Triple,170,3,593
Standard Single,75,1,594
Standard Double,110,2,594
Standard Single,90,1,595
Standard Double,130,2,595
Family Triple,170,3,595
Standard Single,90,1,596
Standard Double,130,2,596
Family Triple,170,3,596
Standard Single,90,1,597
Standard Double,130,2,597
Family Triple,170,3,597
Standard Single,75,1,598
Standard Double,110,2,598
Standard Single,75,1,599
Standard Double,110,2,599
Economy Single,60,1,600
Standard Double,90,2,600
Standard Single,90,1,601
Standard Double,130,2,601
Family Triple,170,3,601
Deluxe Double,280,2,602
Junior Suite,360,3,602
Executive Suite,470,4,602
Presidential Suite,690,5,602
Standard Single,90,1,603
Standard Double,130,2,603
Family Triple,170,3,603
Economy Single,60,1,604
Standard Double,90,2,604
Standard Single,90,1,605
Standard Double,130,2,605
Family Triple,170,3,605
Standard Single,90,1,606
Standard Double,130,2,606
Family Triple,170,3,606
Standard Single,75,1,607
Standard Double,110,2,607
Superior Double,180,2,608
Deluxe Double,230,2,608
Junior Suite,290,3,608
Family Suite,360,4,608
Standard Single,90,1,609
Standard Double,130,2,609
Family Triple,170,3,609
Economy Single,60,1,610
Standard Double,90,2,610
Standard Single,75,1,611
Standard Double,110,2,611
Standard Single,90,1,612
Standard Double,130,2,612
Family Triple,170,3,612
Standard Single,90,1,613
Standard Double,130,2,613
Family Triple,170,3,613
Standard Single,90,1,614
Standard Double,130,2,614
Family Triple,170,3,614
Standard Single,90,1,615
Standard Double,130,2,615
Family Triple,170,3,615
Standard Single,90,1,616
Standard Double,130,2,616
Family Triple,170,3,616
Standard Single,90,1,617
Standard Double,130,2,617
Family Triple,170,3,617
Standard Single,90,1,618
Standard Double,130,2,618
Family Triple,170,3,618
Standard Single,90,1,619
Standard Double,130,2,619
Family Triple,170,3,619
Standard Single,75,1,620
Standard Double,110,2,620
Standard Single,75,1,621
Standard Double,110,2,621
Standard Single,90,1,622
Standard Double,130,2,622
Family Triple,170,3,622
Standard Single,90,1,623
Standard Double,130,2,623
Family Triple,170,3,623
Standard Single,90,1,624
Standard Double,130,2,624
Family Triple,170,3,624
Standard Single,90,1,625
Standard Double,130,2,625
Family Triple,170,3,625
Standard Single,90,1,626
Standard Double,130,2,626
Family Triple,170,3,626
Standard Single,90,1,627
Standard Double,130,2,627
Family Triple,170,3,627
Economy Single,60,1,628
Standard Double,90,2,628
Standard Single,90,1,629
Standard Double,130,2,629
Family Triple,170,3,629
Standard Single,90,1,630
Standard Double,130,2,630
Family Triple,170,3,630
Standard Single,90,1,631
Standard Double,130,2,631
Family Triple,170,3,631
Standard Single,75,1,632
Standard Double,110,2,632
Standard Single,90,1,633
Standard Double,130,2,633
Family Triple,170,3,633
Standard Single,75,1,634
Standard Double,110,2,634
Standard Single,90,1,635
Standard Double,130,2,635
Family Triple,170,3,635
Standard Single,90,1,636
Standard Double,130,2,636
Family Triple,170,3,636
Standard Single,90,1,637
Standard Double,130,2,637
Family Triple,170,3,637
Standard Single,90,1,638
Standard Double,130,2,638
Family Triple,170,3,638
Standard Single,90,1,639
Standard Double,130,2,639
Family Triple,170,3,639
Standard Single,90,1,640
Standard Double,130,2,640
Family Triple,170,3,640
Standard Single,90,1,641
Standard Double,130,2,641
Family Triple,170,3,641
Standard Single,90,1,642
Standard Double,130,2,642
Family Triple,170,3,642
Superior Double,180,2,643
Deluxe Double,230,2,643
Junior Suite,290,3,643
Family Suite,360,4,643
Superior Double,180,2,644
Deluxe Double,230,2,644
Junior Suite,290,3,644
Family Suite,360,4,644
Standard Single,90,1,645
Standard Double,130,2,645
Family Triple,170,3,645
Standard Single,90,1,646
Standard Double,130,2,646
Family Triple,170,3,646
Standard Single,90,1,647
Standard Double,130,2,647
Family Triple,170,3,647
Standard Single,90,1,648
Standard Double,130,2,648
Family Triple,170,3,648
Standard Single,90,1,649
Standard Double,130,2,649
Family Triple,170,3,649
Standard Single,75,1,650
Standard Double,110,2,650
Economy Single,55,1,651
Standard Double,85,2,651
Standard Single,75,1,652
Standard Double,110,2,652
Standard Single,90,1,653
Standard Double,130,2,653
Family Triple,170,3,653
Superior Double,180,2,654
Deluxe Double,230,2,654
Junior Suite,290,3,654
Family Suite,360,4,654
Standard Single,90,1,655
Standard Double,130,2,655
Family Triple,170,3,655
Superior Double,180,2,656
Deluxe Double,230,2,656
Junior Suite,290,3,656
Family Suite,360,4,656
Standard Single,75,1,657
Standard Double,110,2,657
Standard Single,90,1,658
Standard Double,130,2,658
Family Triple,170,3,658
Standard Single,90,1,659
Standard Double,130,2,659
Family Triple,170,3,659
Standard Single,90,1,660
Standard Double,130,2,660
Family Triple,170,3,660
Standard Single,90,1,661
Standard Double,130,2,661
Family Triple,170,3,661
Standard Single,75,1,662
Standard Double,110,2,662
Superior Double,180,2,663
Deluxe Double,230,2,663
Junior Suite,290,3,663
Family Suite,360,4,663
Standard Single,75,1,664
Standard Double,110,2,664
Standard Single,90,1,665
Standard Double,130,2,665
Family Triple,170,3,665
Standard Single,90,1,666
Standard Double,130,2,666
Family Triple,170,3,666
Standard Single,90,1,667
Standard Double,130,2,667
Family Triple,170,3,667
Standard Single,90,1,668
Standard Double,130,2,668
Family Triple,170,3,668
Standard Single,90,1,669
Standard Double,130,2,669
Family Triple,170,3,669
Standard Single,90,1,670
Standard Double,130,2,670
Family Triple,170,3,670
Standard Single,90,1,671
Standard Double,130,2,671
Family Triple,170,3,671
Standard Single,90,1,672
Standard Double,130,2,672
Family Triple,170,3,672
Standard Single,90,1,673
Standard Double,130,2,673
Family Triple,170,3,673
Standard Single,90,1,674
Standard Double,130,2,674
Family Triple,170,3,674
Standard Single,75,1,675
Standard Double,110,2,675
Standard Single,75,1,676
Standard Double,110,2,676
Standard Single,75,1,677
Standard Double,110,2,677
Standard Single,90,1,678
Standard Double,130,2,678
Family Triple,170,3,678
Standard Single,90,1,679
Standard Double,130,2,679
Family Triple,170,3,679
Standard Single,90,1,680
Standard Double,130,2,680
Family Triple,170,3,680
Standard Single,90,1,681
Standard Double,130,2,681
Family Triple,170,3,681
Standard Single,75,1,682
Standard Double,110,2,682
Superior Double,180,2,683
Deluxe Double,230,2,683
Junior Suite,290,3,683
Family Suite,360,4,683
Standard Single,90,1,684
Standard Double,130,2,684
Family Triple,170,3,684
Standard Single,90,1,685
Standard Double,130,2,685
Family Triple,170,3,685
Standard Single,90,1,686
Standard Double,130,2,686
Family Triple,170,3,686
Standard Single,90,1,687
Standard Double,130,2,687
Family Triple,170,3,687
Standard Single,90,1,688
Standard Double,130,2,688
Family Triple,170,3,688
Economy Single,60,1,689
Standard Double,90,2,689
Standard Single,90,1,690
Standard Double,130,2,690
Family Triple,170,3,690
Standard Single,75,1,691
Standard Double,110,2,691
Standard Single,90,1,692
Standard Double,130,2,692
Family Triple,170,3,692
Standard Single,90,1,693
Standard Double,130,2,693
Family Triple,170,3,693
Standard Single,90,1,694
Standard Double,130,2,694
Family Triple,170,3,694
Standard Single,90,1,695
Standard Double,130,2,695
Family Triple,170,3,695
Standard Single,90,1,696
Standard Double,130,2,696
Family Triple,170,3,696
Economy Single,60,1,697
Standard Double,90,2,697
Standard Single,90,1,698
Standard Double,130,2,698
Family Triple,170,3,698
Standard Single,90,1,699
Standard Double,130,2,699
Family Triple,170,3,699
Standard Single,90,1,700
Standard Double,130,2,700
Family Triple,170,3,700
Economy Single,60,1,701
Standard Double,90,2,701
Economy Single,60,1,702
Standard Double,90,2,702
Economy Single,60,1,703
Standard Double,90,2,703
Standard Single,75,1,704
Standard Double,110,2,704
Standard Single,90,1,705
Standard Double,130,2,705
Family Triple,170,3,705
Standard Single,75,1,706
Standard Double,110,2,706
Standard Single,90,1,707
Standard Double,130,2,707
Family Triple,170,3,707
Standard Single,90,1,708
Standard Double,130,2,708
Family Triple,170,3,708
Standard Single,90,1,709
Standard Double,130,2,709
Family Triple,170,3,709
Superior Double,180,2,710
Deluxe Double,230,2,710
Junior Suite,290,3,710
Family Suite,360,4,710
Standard Single,90,1,711
Standard Double,130,2,711
Family Triple,170,3,711
Standard Single,90,1,712
Standard Double,130,2,712
Family Triple,170,3,712
Standard Single,90,1,713
Standard Double,130,2,713
Family Triple,170,3,713
Standard Single,90,1,714
Standard Double,130,2,714
Family Triple,170,3,714
Standard Single,90,1,715
Standard Double,130,2,715
Family Triple,170,3,715
Standard Single,90,1,716
Standard Double,130,2,716
Family Triple,170,3,716
Standard Single,90,1,717
Standard Double,130,2,717
Family Triple,170,3,717
Standard Single,90,1,718
Standard Double,130,2,718
Family Triple,170,3,718
Standard Single,90,1,719
Standard Double,130,2,719
Family Triple,170,3,719
Standard Single,90,1,720
Standard Double,130,2,720
Family Triple,170,3,720
Standard Single,90,1,721
Standard Double,130,2,721
Family Triple,170,3,721
Standard Single,75,1,722
Standard Double,110,2,722
Standard Single,90,1,723
Standard Double,130,2,723
Family Triple,170,3,723
Standard Single,90,1,724
Standard Double,130,2,724
Family Triple,170,3,724
Standard Single,90,1,725
Standard Double,130,2,725
Family Triple,170,3,725
Standard Single,90,1,726
Standard Double,130,2,726
Family Triple,170,3,726
Superior Double,180,2,727
Deluxe Double,230,2,727
Junior Suite,290,3,727
Family Suite,360,4,727
Standard Single,90,1,728
Standard Double,130,2,728
Family Triple,170,3,728
Standard Single,90,1,729
Standard Double,130,2,729
Family Triple,170,3,729
Standard Single,90,1,730
Standard Double,130,2,730
Family Triple,170,3,730
Standard Single,90,1,731
Standard Double,130,2,731
Family Triple,170,3,731
Standard Single,90,1,732
Standard Double,130,2,732
Family Triple,170,3,732
Standard Single,75,1,733
Standard Double,110,2,733
Standard Single,90,1,734
Standard Double,130,2,734
Family Triple,170,3,734
Standard Single,90,1,735
Standard Double,130,2,735
Family Triple,170,3,735
Standard Single,90,1,736
Standard Double,130,2,736
Family Triple,170,3,736
Standard Single,75,1,737
Standard Double,110,2,737
Standard Single,90,1,738
Standard Double,130,2,738
Family Triple,170,3,738
Standard Single,90,1,739
Standard Double,130,2,739
Family Triple,170,3,739
Standard Single,90,1,740
Standard Double,130,2,740
Family Triple,170,3,740
Standard Single,90,1,741
Standard Double,130,2,741
Family Triple,170,3,741
Standard Single,90,1,742
Standard Double,130,2,742
Family Triple,170,3,742
Standard Single,75,1,743
Standard Double,110,2,743
Standard Single,90,1,744
Standard Double,130,2,744
Family Triple,170,3,744
Standard Single,75,1,745
Standard Double,110,2,745
Standard Single,90,1,746
Standard Double,130,2,746
Family Triple,170,3,746
Standard Single,90,1,747
Standard Double,130,2,747
Family Triple,170,3,747
Standard Single,90,1,748
Standard Double,130,2,748
Family Triple,170,3,748
Standard Single,90,1,749
Standard Double,130,2,749
Family Triple,170,3,749
Standard Single,90,1,750
Standard Double,130,2,750
Family Triple,170,3,750
Standard Single,90,1,751
Standard Double,130,2,751
Family Triple,170,3,751
Standard Single,90,1,752
Standard Double,130,2,752
Family Triple,170,3,752
Standard Single,90,1,753
Standard Double,130,2,753
Family Triple,170,3,753
Standard Single,90,1,754
Standard Double,130,2,754
Family Triple,170,3,754
Standard Single,75,1,755
Standard Double,110,2,755
Standard Single,75,1,756
Standard Double,110,2,756
Standard Single,90,1,757
Standard Double,130,2,757
Family Triple,170,3,757
Standard Single,90,1,758
Standard Double,130,2,758
Family Triple,170,3,758
Economy Single,60,1,759
Standard Double,90,2,759
Standard Single,90,1,760
Standard Double,130,2,760
Family Triple,170,3,760
Standard Single,90,1,761
Standard Double,130,2,761
Family Triple,170,3,761
Standard Single,90,1,762
Standard Double,130,2,762
Family Triple,170,3,762
Standard Single,75,1,763
Standard Double,110,2,763
Standard Single,75,1,764
Standard Double,110,2,764
Standard Single,90,1,765
Standard Double,130,2,765
Family Triple,170,3,765
Economy Single,60,1,766
Standard Double,90,2,766
Economy Single,60,1,767
Standard Double,90,2,767
Standard Single,75,1,768
Standard Double,110,2,768
Standard Single,90,1,769
Standard Double,130,2,769
Family Triple,170,3,769
Standard Single,75,1,770
Standard Double,110,2,770
Standard Single,75,1,771
Standard Double,110,2,771
Standard Single,90,1,772
Standard Double,130,2,772
Family Triple,170,3,772
Economy Single,55,1,773
Standard Double,85,2,773
Standard Single,90,1,774
Standard Double,130,2,774
Family Triple,170,3,774
Standard Single,75,1,775
Standard Double,110,2,775
Standard Single,75,1,776
Standard Double,110,2,776
Standard Single,90,1,777
Standard Double,130,2,777
Family Triple,170,3,777
Standard Single,75,1,778
Standard Double,110,2,778
Standard Single,90,1,779
Standard Double,130,2,779
Family Triple,170,3,779
Standard Single,75,1,780
Standard Double,110,2,780
Standard Single,90,1,781
Standard Double,130,2,781
Family Triple,170,3,781
Standard Single,75,1,782
Standard Double,110,2,782
Standard Single,90,1,783
Standard Double,130,2,783
Family Triple,170,3,783
Standard Single,90,1,784
Standard Double,130,2,784
Family Triple,170,3,784
Standard Single,90,1,785
Standard Double,130,2,785
Family Triple,170,3,785
Standard Single,90,1,786
Standard Double,130,2,786
Family Triple,170,3,786
Standard Single,75,1,787
Standard Double,110,2,787
Standard Single,90,1,788
Standard Double,130,2,788
Family Triple,170,3,788
Standard Single,90,1,789
Standard Double,130,2,789
Family Triple,170,3,789
Standard Single,90,1,790
Standard Double,130,2,790
Family Triple,170,3,790
Standard Single,75,1,791
Standard Double,110,2,791
Standard Single,75,1,792
Standard Double,110,2,792
Economy Single,60,1,793
Standard Double,90,2,793
Standard Single,75,1,794
Standard Double,110,2,794
Standard Single,90,1,795
Standard Double,130,2,795
Family Triple,170,3,795
Economy Single,60,1,796
Standard Double,90,2,796
Standard Single,90,1,797
Standard Double,130,2,797
Family Triple,170,3,797
Standard Single,90,1,798
Standard Double,130,2,798
Family Triple,170,3,798
Standard Single,75,1,799
Standard Double,110,2,799
Standard Single,75,1,800
Standard Double,110,2,800
Standard Single,90,1,801
Standard Double,130,2,801
Family Triple,170,3,801
Standard Single,90,1,802
Standard Double,130,2,802
Family Triple,170,3,802
Standard Single,90,1,803
Standard Double,130,2,803
Family Triple,170,3,803
Standard Single,90,1,804
Standard Double,130,2,804
Family Triple,170,3,804
Standard Single,90,1,805
Standard Double,130,2,805
Family Triple,170,3,805
Standard Single,75,1,806
Standard Double,110,2,806
Standard Single,90,1,807
Standard Double,130,2,807
Family Triple,170,3,807
Standard Single,90,1,808
Standard Double,130,2,808
Family Triple,170,3,808
Standard Single,90,1,809
Standard Double,130,2,809
Family Triple,170,3,809
Standard Single,75,1,810
Standard Double,110,2,810
Standard Single,90,1,811
Standard Double,130,2,811
Family Triple,170,3,811
Standard Single,75,1,812
Standard Double,110,2,812
Standard Single,90,1,813
Standard Double,130,2,813
Family Triple,170,3,813
Economy Single,60,1,814
Standard Double,90,2,814
Standard Single,90,1,815
Standard Double,130,2,815
Family Triple,170,3,815
Standard Single,75,1,816
Standard Double,110,2,816
Standard Single,75,1,817
Standard Double,110,2,817
Standard Single,90,1,818
Standard Double,130,2,818
Family Triple,170,3,818
Standard Single,90,1,819
Standard Double,130,2,819
Family Triple,170,3,819
Standard Single,90,1,820
Standard Double,130,2,820
Family Triple,170,3,820
Standard Single,90,1,821
Standard Double,130,2,821
Family Triple,170,3,821
Standard Single,90,1,822
Standard Double,130,2,822
Family Triple,170,3,822
Standard Single,90,1,823
Standard Double,130,2,823
Family Triple,170,3,823
Standard Single,90,1,824
Standard Double,130,2,824
Family Triple,170,3,824
Standard Single,90,1,825
Standard Double,130,2,825
Family Triple,170,3,825
Standard Single,75,1,826
Standard Double,110,2,826
Standard Single,75,1,827
Standard Double,110,2,827
Standard Single,90,1,828
Standard Double,130,2,828
Family Triple,170,3,828
Standard Single,90,1,829
Standard Double,130,2,829
Family Triple,170,3,829
Standard Single,75,1,830
Standard Double,110,2,830
Standard Single,90,1,831
Standard Double,130,2,831
Family Triple,170,3,831
Standard Single,90,1,832
Standard Double,130,2,832
Family Triple,170,3,832
Standard Single,75,1,833
Standard Double,110,2,833
Standard Single,75,1,834
Standard Double,110,2,834
Standard Single,90,1,835
Standard Double,130,2,835
Family Triple,170,3,835
Standard Single,90,1,836
Standard Double,130,2,836
Family Triple,170,3,836
Economy Single,60,1,837
Standard Double,90,2,837
Standard Single,75,1,838
Standard Double,110,2,838
Economy Single,60,1,839
Standard Double,90,2,839
Standard Single,75,1,840
Standard Double,110,2,840
Standard Single,75,1,841
Standard Double,110,2,841
Standard Single,90,1,842
Standard Double,130,2,842
Family Triple,170,3,842
Standard Single,90,1,843
Standard Double,130,2,843
Family Triple,170,3,843
Standard Single,90,1,844
Standard Double,130,2,844
Family Triple,170,3,844
Standard Single,75,1,845
Standard Double,110,2,845
Standard Single,75,1,846
Standard Double,110,2,846
Standard Single,75,1,847
Standard Double,110,2,847
Standard Single,90,1,848
Standard Double,130,2,848
Family Triple,170,3,848
Superior Double,180,2,849
Deluxe Double,230,2,849
Junior Suite,290,3,849
Family Suite,360,4,849
Economy Single,60,1,850
Standard Double,90,2,850
Standard Single,90,1,851
Standard Double,130,2,851
Family Triple,170,3,851
Standard Single,90,1,852
Standard Double,130,2,852
Family Triple,170,3,852
Standard Single,90,1,853
Standard Double,130,2,853
Family Triple,170,3,853
Superior Double,180,2,854
Deluxe Double,230,2,854
Junior Suite,290,3,854
Family Suite,360,4,854
Economy Single,60,1,855
Standard Double,90,2,855
Standard Single,75,1,856
Standard Double,110,2,856
Standard Single,90,1,857
Standard Double,130,2,857
Family Triple,170,3,857
Deluxe Double,280,2,858
Junior Suite,360,3,858
Executive Suite,470,4,858
Presidential Suite,690,5,858
